"","t","DS","NS","PS3","PS4","PS5","PSP","PSV","ThreeDS","Wii","WiiU","x360","XOne","XS"
"1",2004-11-27,546507,NA,NA,NA,NA,NA,NA,NA,NA,NA,NA,NA,NA
"2",2004-12-04,651898,NA,NA,NA,NA,NA,NA,NA,NA,NA,NA,NA,NA
"3",2004-12-11,379673,NA,NA,NA,NA,163812,NA,NA,NA,NA,NA,NA,NA
"4",2004-12-18,441085,NA,NA,NA,NA,83598,NA,NA,NA,NA,NA,NA,NA
"5",2004-12-25,575947,NA,NA,NA,NA,98771,NA,NA,NA,NA,NA,NA,NA
"6",2005-01-01,262277,NA,NA,NA,NA,122707,NA,NA,NA,NA,NA,NA,NA
"7",2005-01-08,170751,NA,NA,NA,NA,58981,NA,NA,NA,NA,NA,NA,NA
"8",2005-01-15,96385,NA,NA,NA,NA,61279,NA,NA,NA,NA,NA,NA,NA
"9",2005-01-22,81003,NA,NA,NA,NA,66884,NA,NA,NA,NA,NA,NA,NA
"10",2005-01-29,78819,NA,NA,NA,NA,73145,NA,NA,NA,NA,NA,NA,NA
"11",2005-02-05,70305,NA,NA,NA,NA,50569,NA,NA,NA,NA,NA,NA,NA
"12",2005-02-12,65608,NA,NA,NA,NA,49540,NA,NA,NA,NA,NA,NA,NA
"13",2005-02-19,60066,NA,NA,NA,NA,40384,NA,NA,NA,NA,NA,NA,NA
"14",2005-02-26,94610,NA,NA,NA,NA,45589,NA,NA,NA,NA,NA,NA,NA
"15",2005-03-05,73119,NA,NA,NA,NA,51565,NA,NA,NA,NA,NA,NA,NA
"16",2005-03-12,370742,NA,NA,NA,NA,48704,NA,NA,NA,NA,NA,NA,NA
"17",2005-03-19,183505,NA,NA,NA,NA,44724,NA,NA,NA,NA,NA,NA,NA
"18",2005-03-26,164406,NA,NA,NA,NA,516995,NA,NA,NA,NA,NA,NA,NA
"19",2005-04-02,128134,NA,NA,NA,NA,234438,NA,NA,NA,NA,NA,NA,NA
"20",2005-04-09,101832,NA,NA,NA,NA,160465,NA,NA,NA,NA,NA,NA,NA
"21",2005-04-16,85078,NA,NA,NA,NA,141813,NA,NA,NA,NA,NA,NA,NA
"22",2005-04-23,141830,NA,NA,NA,NA,131521,NA,NA,NA,NA,NA,NA,NA
"23",2005-04-30,120069,NA,NA,NA,NA,133091,NA,NA,NA,NA,NA,NA,NA
"24",2005-05-07,115641,NA,NA,NA,NA,145769,NA,NA,NA,NA,NA,NA,NA
"25",2005-05-14,81694,NA,NA,NA,NA,99614,NA,NA,NA,NA,NA,NA,NA
"26",2005-05-21,80266,NA,NA,NA,NA,92261,NA,NA,NA,NA,NA,NA,NA
"27",2005-05-28,106368,NA,NA,NA,NA,97702,NA,NA,NA,NA,NA,NA,NA
"28",2005-06-04,97747,NA,NA,NA,NA,98832,NA,NA,NA,NA,NA,NA,NA
"29",2005-06-11,93958,NA,NA,NA,NA,101252,NA,NA,NA,NA,NA,NA,NA
"30",2005-06-18,96805,NA,NA,NA,NA,99461,NA,NA,NA,NA,NA,NA,NA
"31",2005-06-25,106839,NA,NA,NA,NA,99394,NA,NA,NA,NA,NA,NA,NA
"32",2005-07-02,100911,NA,NA,NA,NA,94898,NA,NA,NA,NA,NA,NA,NA
"33",2005-07-09,99729,NA,NA,NA,NA,88085,NA,NA,NA,NA,NA,NA,NA
"34",2005-07-16,92564,NA,NA,NA,NA,83172,NA,NA,NA,NA,NA,NA,NA
"35",2005-07-23,94393,NA,NA,NA,NA,77459,NA,NA,NA,NA,NA,NA,NA
"36",2005-07-30,94440,NA,NA,NA,NA,78245,NA,NA,NA,NA,NA,NA,NA
"37",2005-08-06,97689,NA,NA,NA,NA,74488,NA,NA,NA,NA,NA,NA,NA
"38",2005-08-13,152621,NA,NA,NA,NA,76899,NA,NA,NA,NA,NA,NA,NA
"39",2005-08-20,129542,NA,NA,NA,NA,72171,NA,NA,NA,NA,NA,NA,NA
"40",2005-08-27,112951,NA,NA,NA,NA,66634,NA,NA,NA,NA,NA,NA,NA
"41",2005-09-03,110162,NA,NA,NA,NA,685965,NA,NA,NA,NA,NA,NA,NA
"42",2005-09-10,108499,NA,NA,NA,NA,235414,NA,NA,NA,NA,NA,NA,NA
"43",2005-09-17,131157,NA,NA,NA,NA,211327,NA,NA,NA,NA,NA,NA,NA
"44",2005-09-24,131209,NA,NA,NA,NA,161128,NA,NA,NA,NA,NA,NA,NA
"45",2005-10-01,103624,NA,NA,NA,NA,142594,NA,NA,NA,NA,NA,NA,NA
"46",2005-10-08,136755,NA,NA,NA,NA,154308,NA,NA,NA,NA,NA,NA,NA
"47",2005-10-15,160060,NA,NA,NA,NA,138824,NA,NA,NA,NA,NA,NA,NA
"48",2005-10-22,160072,NA,NA,NA,NA,117996,NA,NA,NA,NA,NA,NA,NA
"49",2005-10-29,188851,NA,NA,NA,NA,136799,NA,NA,NA,NA,NA,NA,NA
"50",2005-11-05,221679,NA,NA,NA,NA,154531,NA,NA,NA,NA,NA,NA,NA
"51",2005-11-12,255538,NA,NA,NA,NA,160188,NA,NA,NA,NA,NA,NA,NA
"52",2005-11-19,311556,NA,NA,NA,NA,296012,NA,NA,NA,NA,NA,NA,NA
"53",2005-11-26,572867,NA,NA,NA,NA,418430,NA,NA,NA,NA,350847,NA,NA
"54",2005-12-03,628820,NA,NA,NA,NA,522102,NA,NA,NA,NA,94406,NA,NA
"55",2005-12-10,891443,NA,NA,NA,NA,608491,NA,NA,NA,NA,337335,NA,NA
"56",2005-12-17,1043751,NA,NA,NA,NA,718088,NA,NA,NA,NA,165880,NA,NA
"57",2005-12-24,1292919,NA,NA,NA,NA,872252,NA,NA,NA,NA,134426,NA,NA
"58",2005-12-31,673413,NA,NA,NA,NA,422874,NA,NA,NA,NA,96010,NA,NA
"59",2006-01-07,259869,NA,NA,NA,NA,283716,NA,NA,NA,NA,117498,NA,NA
"60",2006-01-14,169331,NA,NA,NA,NA,188128,NA,NA,NA,NA,146722,NA,NA
"61",2006-01-21,170784,NA,NA,NA,NA,170010,NA,NA,NA,NA,144610,NA,NA
"62",2006-01-28,223845,NA,NA,NA,NA,160608,NA,NA,NA,NA,110104,NA,NA
"63",2006-02-04,131706,NA,NA,NA,NA,154084,NA,NA,NA,NA,96089,NA,NA
"64",2006-02-11,116581,NA,NA,NA,NA,159321,NA,NA,NA,NA,80706,NA,NA
"65",2006-02-18,154754,NA,NA,NA,NA,159325,NA,NA,NA,NA,73573,NA,NA
"66",2006-02-25,143213,NA,NA,NA,NA,161538,NA,NA,NA,NA,80954,NA,NA
"67",2006-03-04,220296,NA,NA,NA,NA,161807,NA,NA,NA,NA,73717,NA,NA
"68",2006-03-11,240799,NA,NA,NA,NA,152556,NA,NA,NA,NA,61540,NA,NA
"69",2006-03-18,239303,NA,NA,NA,NA,142628,NA,NA,NA,NA,66632,NA,NA
"70",2006-03-25,267783,NA,NA,NA,NA,150125,NA,NA,NA,NA,103677,NA,NA
"71",2006-04-01,328200,NA,NA,NA,NA,160744,NA,NA,NA,NA,92084,NA,NA
"72",2006-04-08,322055,NA,NA,NA,NA,163872,NA,NA,NA,NA,103992,NA,NA
"73",2006-04-15,309306,NA,NA,NA,NA,167674,NA,NA,NA,NA,130558,NA,NA
"74",2006-04-22,304099,NA,NA,NA,NA,174180,NA,NA,NA,NA,136526,NA,NA
"75",2006-04-29,389259,NA,NA,NA,NA,179187,NA,NA,NA,NA,112013,NA,NA
"76",2006-05-06,288612,NA,NA,NA,NA,174277,NA,NA,NA,NA,104622,NA,NA
"77",2006-05-13,211198,NA,NA,NA,NA,161408,NA,NA,NA,NA,98419,NA,NA
"78",2006-05-20,275132,NA,NA,NA,NA,154642,NA,NA,NA,NA,93261,NA,NA
"79",2006-05-27,394476,NA,NA,NA,NA,152003,NA,NA,NA,NA,90169,NA,NA
"80",2006-06-03,246012,NA,NA,NA,NA,142854,NA,NA,NA,NA,85427,NA,NA
"81",2006-06-10,403346,NA,NA,NA,NA,138297,NA,NA,NA,NA,81449,NA,NA
"82",2006-06-17,399884,NA,NA,NA,NA,139576,NA,NA,NA,NA,80279,NA,NA
"83",2006-06-24,448493,NA,NA,NA,NA,138598,NA,NA,NA,NA,78712,NA,NA
"84",2006-07-01,423799,NA,NA,NA,NA,137724,NA,NA,NA,NA,79243,NA,NA
"85",2006-07-08,383838,NA,NA,NA,NA,135588,NA,NA,NA,NA,77112,NA,NA
"86",2006-07-15,370439,NA,NA,NA,NA,138508,NA,NA,NA,NA,75521,NA,NA
"87",2006-07-22,493637,NA,NA,NA,NA,139100,NA,NA,NA,NA,75259,NA,NA
"88",2006-07-29,399656,NA,NA,NA,NA,136225,NA,NA,NA,NA,75784,NA,NA
"89",2006-08-05,385120,NA,NA,NA,NA,133151,NA,NA,NA,NA,74875,NA,NA
"90",2006-08-12,381086,NA,NA,NA,NA,129817,NA,NA,NA,NA,70577,NA,NA
"91",2006-08-19,266551,NA,NA,NA,NA,126444,NA,NA,NA,NA,73171,NA,NA
"92",2006-08-26,376793,NA,NA,NA,NA,113115,NA,NA,NA,NA,80197,NA,NA
"93",2006-09-02,429117,NA,NA,NA,NA,109896,NA,NA,NA,NA,84931,NA,NA
"94",2006-09-09,342342,NA,NA,NA,NA,104266,NA,NA,NA,NA,90363,NA,NA
"95",2006-09-16,331206,NA,NA,NA,NA,101450,NA,NA,NA,NA,90906,NA,NA
"96",2006-09-23,326775,NA,NA,NA,NA,96160,NA,NA,NA,NA,91832,NA,NA
"97",2006-09-30,454989,NA,NA,NA,NA,100053,NA,NA,NA,NA,89594,NA,NA
"98",2006-10-07,291454,NA,NA,NA,NA,90666,NA,NA,NA,NA,87898,NA,NA
"99",2006-10-14,273794,NA,NA,NA,NA,86267,NA,NA,NA,NA,78070,NA,NA
"100",2006-10-21,298618,NA,NA,NA,NA,92557,NA,NA,NA,NA,80656,NA,NA
"101",2006-10-28,377011,NA,NA,NA,NA,122558,NA,NA,NA,NA,96489,NA,NA
"102",2006-11-04,367563,NA,NA,NA,NA,147973,NA,NA,NA,NA,124686,NA,NA
"103",2006-11-11,440805,NA,86742,NA,NA,167872,NA,NA,NA,NA,169592,NA,NA
"104",2006-11-18,485990,NA,205065,NA,NA,188724,NA,NA,NA,NA,193246,NA,NA
"105",2006-11-25,903597,NA,103130,NA,NA,352884,NA,NA,529658,NA,361561,NA,NA
"106",2006-12-02,824478,NA,129750,NA,NA,343584,NA,NA,537879,NA,321180,NA,NA
"107",2006-12-09,1172410,NA,162737,NA,NA,464354,NA,NA,588973,NA,445925,NA,NA
"108",2006-12-16,1306033,NA,200001,NA,NA,586607,NA,NA,414732,NA,499712,NA,NA
"109",2006-12-23,1468740,NA,190595,NA,NA,766646,NA,NA,597968,NA,568243,NA,NA
"110",2006-12-30,519608,NA,174020,NA,NA,285237,NA,NA,285571,NA,206595,NA,NA
"111",2007-01-06,555006,NA,136611,NA,NA,268418,NA,NA,304147,NA,147791,NA,NA
"112",2007-01-13,238150,NA,89482,NA,NA,181400,NA,NA,251498,NA,123339,NA,NA
"113",2007-01-20,306102,NA,79783,NA,NA,168356,NA,NA,245435,NA,116408,NA,NA
"114",2007-01-27,380526,NA,74220,NA,NA,162208,NA,NA,251288,NA,113079,NA,NA
"115",2007-02-03,404779,NA,70671,NA,NA,155644,NA,NA,231018,NA,110203,NA,NA
"116",2007-02-10,463431,NA,66849,NA,NA,151153,NA,NA,220974,NA,110397,NA,NA
"117",2007-02-17,472670,NA,53197,NA,NA,151251,NA,NA,216779,NA,117490,NA,NA
"118",2007-02-24,500014,NA,49869,NA,NA,210149,NA,NA,232912,NA,108032,NA,NA
"119",2007-03-03,451903,NA,80401,NA,NA,175399,NA,NA,200263,NA,95357,NA,NA
"120",2007-03-10,433484,NA,79434,NA,NA,163712,NA,NA,181394,NA,87609,NA,NA
"121",2007-03-17,417579,NA,58436,NA,NA,150424,NA,NA,193202,NA,87499,NA,NA
"122",2007-03-24,444947,NA,603976,NA,NA,141159,NA,NA,199293,NA,88857,NA,NA
"123",2007-03-31,346825,NA,162406,NA,NA,137964,NA,NA,155072,NA,81002,NA,NA
"124",2007-04-07,388276,NA,118003,NA,NA,149509,NA,NA,187192,NA,73205,NA,NA
"125",2007-04-14,389531,NA,96957,NA,NA,158519,NA,NA,207491,NA,73263,NA,NA
"126",2007-04-21,454659,NA,83133,NA,NA,155114,NA,NA,235090,NA,71058,NA,NA
"127",2007-04-28,573385,NA,78345,NA,NA,163685,NA,NA,298457,NA,93675,NA,NA
"128",2007-05-05,578774,NA,80550,NA,NA,227438,NA,NA,290624,NA,92221,NA,NA
"129",2007-05-12,474975,NA,70401,NA,NA,228145,NA,NA,243583,NA,85444,NA,NA
"130",2007-05-19,417242,NA,65132,NA,NA,208978,NA,NA,229274,NA,75869,NA,NA
"131",2007-05-26,419227,NA,64512,NA,NA,197739,NA,NA,240454,NA,65408,NA,NA
"132",2007-06-02,407386,NA,63274,NA,NA,194539,NA,NA,247558,NA,66479,NA,NA
"133",2007-06-09,408432,NA,59292,NA,NA,189454,NA,NA,248737,NA,81653,NA,NA
"134",2007-06-16,427860,NA,60022,NA,NA,188254,NA,NA,255160,NA,85123,NA,NA
"135",2007-06-23,464972,NA,58304,NA,NA,185788,NA,NA,245596,NA,76768,NA,NA
"136",2007-06-30,468490,NA,60913,NA,NA,195927,NA,NA,278478,NA,80424,NA,NA
"137",2007-07-07,452238,NA,63505,NA,NA,183447,NA,NA,255828,NA,69856,NA,NA
"138",2007-07-14,461676,NA,96644,NA,NA,179589,NA,NA,300138,NA,66672,NA,NA
"139",2007-07-21,489038,NA,90710,NA,NA,178753,NA,NA,285052,NA,63263,NA,NA
"140",2007-07-28,527718,NA,116894,NA,NA,172989,NA,NA,282661,NA,67251,NA,NA
"141",2007-08-04,487825,NA,107626,NA,NA,163166,NA,NA,261119,NA,66313,NA,NA
"142",2007-08-11,484906,NA,99663,NA,NA,151222,NA,NA,271701,NA,99271,NA,NA
"143",2007-08-18,490609,NA,102078,NA,NA,146355,NA,NA,289080,NA,108782,NA,NA
"144",2007-08-25,430563,NA,92527,NA,NA,129468,NA,NA,261021,NA,138306,NA,NA
"145",2007-09-01,411022,NA,100194,NA,NA,120530,NA,NA,284328,NA,147296,NA,NA
"146",2007-09-08,393880,NA,99852,NA,NA,119771,NA,NA,254393,NA,135263,NA,NA
"147",2007-09-15,402974,NA,77846,NA,NA,329180,NA,NA,215417,NA,146262,NA,NA
"148",2007-09-22,382917,NA,73382,NA,NA,509170,NA,NA,213437,NA,164012,NA,NA
"149",2007-09-29,411971,NA,86273,NA,NA,350051,NA,NA,206707,NA,231539,NA,NA
"150",2007-10-06,409502,NA,84503,NA,NA,302480,NA,NA,192403,NA,213451,NA,NA
"151",2007-10-13,382148,NA,157901,NA,NA,254440,NA,NA,238458,NA,200681,NA,NA
"152",2007-10-20,423060,NA,160822,NA,NA,251277,NA,NA,301238,NA,178907,NA,NA
"153",2007-10-27,404558,NA,166324,NA,NA,242047,NA,NA,320955,NA,173823,NA,NA
"154",2007-11-03,425464,NA,164681,NA,NA,238942,NA,NA,296372,NA,196588,NA,NA
"155",2007-11-10,517647,NA,236409,NA,NA,253744,NA,NA,282996,NA,196490,NA,NA
"156",2007-11-17,661003,NA,257304,NA,NA,279499,NA,NA,460651,NA,228061,NA,NA
"157",2007-11-24,1346850,NA,380441,NA,NA,446202,NA,NA,673069,NA,414403,NA,NA
"158",2007-12-01,1295897,NA,400190,NA,NA,435940,NA,NA,699757,NA,325839,NA,NA
"159",2007-12-08,1463475,NA,483939,NA,NA,557836,NA,NA,728498,NA,428934,NA,NA
"160",2007-12-15,1716751,NA,585839,NA,NA,733620,NA,NA,686612,NA,514063,NA,NA
"161",2007-12-22,2011149,NA,657716,NA,NA,841113,NA,NA,1462609,NA,591424,NA,NA
"162",2007-12-29,1052437,NA,417445,NA,NA,583140,NA,NA,737820,NA,332756,NA,NA
"163",2008-01-05,580650,NA,266879,NA,NA,486314,NA,NA,386299,NA,205025,NA,NA
"164",2008-01-12,314541,NA,178821,NA,NA,268075,NA,NA,206753,NA,143001,NA,NA
"165",2008-01-19,363571,NA,166017,NA,NA,241800,NA,NA,268265,NA,109401,NA,NA
"166",2008-01-26,324491,NA,170787,NA,NA,229377,NA,NA,315755,NA,110930,NA,NA
"167",2008-02-02,335759,NA,180693,NA,NA,225092,NA,NA,297369,NA,106574,NA,NA
"168",2008-02-09,411308,NA,168537,NA,NA,228264,NA,NA,366579,NA,123216,NA,NA
"169",2008-02-16,465303,NA,159769,NA,NA,207771,NA,NA,226011,NA,117234,NA,NA
"170",2008-02-23,354709,NA,167193,NA,NA,205843,NA,NA,256997,NA,120866,NA,NA
"171",2008-03-01,409352,NA,177325,NA,NA,251096,NA,NA,364846,NA,130271,NA,NA
"172",2008-03-08,316074,NA,151858,NA,NA,223147,NA,NA,236802,NA,110067,NA,NA
"173",2008-03-15,373703,NA,140768,NA,NA,215152,NA,NA,323737,NA,117055,NA,NA
"174",2008-03-22,419122,NA,175009,NA,NA,228081,NA,NA,428612,NA,156699,NA,NA
"175",2008-03-29,391377,NA,184400,NA,NA,326411,NA,NA,273818,NA,134974,NA,NA
"176",2008-04-05,419797,NA,169287,NA,NA,296701,NA,NA,372796,NA,112495,NA,NA
"177",2008-04-12,370609,NA,139234,NA,NA,255585,NA,NA,301517,NA,99793,NA,NA
"178",2008-04-19,401243,NA,137184,NA,NA,226010,NA,NA,394830,NA,101099,NA,NA
"179",2008-04-26,373825,NA,133374,NA,NA,231085,NA,NA,315236,NA,112928,NA,NA
"180",2008-05-03,368459,NA,239942,NA,NA,241166,NA,NA,645420,NA,206924,NA,NA
"181",2008-05-10,373925,NA,158892,NA,NA,211167,NA,NA,375147,NA,139394,NA,NA
"182",2008-05-17,329218,NA,135416,NA,NA,189813,NA,NA,301260,NA,122772,NA,NA
"183",2008-05-24,340517,NA,127085,NA,NA,184151,NA,NA,558375,NA,120363,NA,NA
"184",2008-05-31,343438,NA,126396,NA,NA,199213,NA,NA,376143,NA,123405,NA,NA
"185",2008-06-07,371024,NA,129132,NA,NA,206875,NA,NA,333863,NA,108187,NA,NA
"186",2008-06-14,445348,NA,309807,NA,NA,217418,NA,NA,298361,NA,100954,NA,NA
"187",2008-06-21,419491,NA,172197,NA,NA,224933,NA,NA,341348,NA,99571,NA,NA
"188",2008-06-28,493624,NA,155048,NA,NA,228146,NA,NA,490942,NA,114879,NA,NA
"189",2008-07-05,487699,NA,146307,NA,NA,230965,NA,NA,347385,NA,108242,NA,NA
"190",2008-07-12,505848,NA,151246,NA,NA,236261,NA,NA,345987,NA,104206,NA,NA
"191",2008-07-19,482667,NA,133476,NA,NA,255796,NA,NA,348696,NA,142302,NA,NA
"192",2008-07-26,473276,NA,91448,NA,NA,245952,NA,NA,350371,NA,125083,NA,NA
"193",2008-08-02,502786,NA,101586,NA,NA,224690,NA,NA,299826,NA,122707,NA,NA
"194",2008-08-09,444404,NA,109614,NA,NA,217604,NA,NA,294107,NA,131494,NA,NA
"195",2008-08-16,426925,NA,112203,NA,NA,242941,NA,NA,280570,NA,112790,NA,NA
"196",2008-08-23,364425,NA,155467,NA,NA,210002,NA,NA,317337,NA,108840,NA,NA
"197",2008-08-30,409634,NA,167985,NA,NA,183331,NA,NA,303305,NA,110006,NA,NA
"198",2008-09-06,395367,NA,143462,NA,NA,164560,NA,NA,312737,NA,150899,NA,NA
"199",2008-09-13,379013,NA,133147,NA,NA,144388,NA,NA,321666,NA,172465,NA,NA
"200",2008-09-20,354678,NA,116500,NA,NA,139094,NA,NA,247633,NA,145599,NA,NA
"201",2008-09-27,361354,NA,125776,NA,NA,135363,NA,NA,288745,NA,168730,NA,NA
"202",2008-10-04,348377,NA,152660,NA,NA,141670,NA,NA,277849,NA,188503,NA,NA
"203",2008-10-11,356951,NA,155055,NA,NA,140869,NA,NA,336228,NA,190346,NA,NA
"204",2008-10-18,360467,NA,146470,NA,NA,311893,NA,NA,383232,NA,190521,NA,NA
"205",2008-10-25,378711,NA,151933,NA,NA,201223,NA,NA,405706,NA,212250,NA,NA
"206",2008-11-01,626768,NA,220330,NA,NA,188781,NA,NA,478255,NA,232148,NA,NA
"207",2008-11-08,639601,NA,230713,NA,NA,200662,NA,NA,551259,NA,287932,NA,NA
"208",2008-11-15,738810,NA,241523,NA,NA,216455,NA,NA,688852,NA,332342,NA,NA
"209",2008-11-22,905456,NA,263705,NA,NA,273756,NA,NA,823303,NA,414078,NA,NA
"210",2008-11-29,1599505,NA,450702,NA,NA,500600,NA,NA,1353723,NA,761050,NA,NA
"211",2008-12-06,1389660,NA,426473,NA,NA,480914,NA,NA,1034720,NA,623747,NA,NA
"212",2008-12-13,1664967,NA,509352,NA,NA,566750,NA,NA,1285361,NA,717312,NA,NA
"213",2008-12-20,2059316,NA,589151,NA,NA,788604,NA,NA,1592000,NA,909631,NA,NA
"214",2008-12-27,1739821,NA,538739,NA,NA,661743,NA,NA,1152747,NA,771743,NA,NA
"215",2009-01-03,769476,NA,327280,NA,NA,494850,NA,NA,608377,NA,374065,NA,NA
"216",2009-01-10,424458,NA,214050,NA,NA,265907,NA,NA,359730,NA,220182,NA,NA
"217",2009-01-17,344586,NA,153310,NA,NA,187818,NA,NA,327521,NA,173251,NA,NA
"218",2009-01-24,378788,NA,148771,NA,NA,168232,NA,NA,430295,NA,161551,NA,NA
"219",2009-01-31,453495,NA,159193,NA,NA,196400,NA,NA,455471,NA,196257,NA,NA
"220",2009-02-07,353704,NA,138999,NA,NA,168220,NA,NA,366287,NA,173398,NA,NA
"221",2009-02-14,356255,NA,129911,NA,NA,157279,NA,NA,330060,NA,166950,NA,NA
"222",2009-02-21,338515,NA,141438,NA,NA,151621,NA,NA,370535,NA,202053,NA,NA
"223",2009-02-28,303641,NA,190785,NA,NA,157718,NA,NA,309691,NA,175357,NA,NA
"224",2009-03-07,292914,NA,175977,NA,NA,181573,NA,NA,281482,NA,165988,NA,NA
"225",2009-03-14,292920,NA,170316,NA,NA,157466,NA,NA,298662,NA,180914,NA,NA
"226",2009-03-21,354959,NA,142887,NA,NA,184212,NA,NA,267394,NA,143447,NA,NA
"227",2009-03-28,359836,NA,140279,NA,NA,171061,NA,NA,241798,NA,144753,NA,NA
"228",2009-04-04,631957,NA,127221,NA,NA,165132,NA,NA,223443,NA,136455,NA,NA
"229",2009-04-11,886655,NA,115174,NA,NA,147517,NA,NA,236793,NA,135310,NA,NA
"230",2009-04-18,541879,NA,156728,NA,NA,142432,NA,NA,218943,NA,119659,NA,NA
"231",2009-04-25,410493,NA,110526,NA,NA,137344,NA,NA,199402,NA,104873,NA,NA
"232",2009-05-02,430518,NA,112203,NA,NA,148085,NA,NA,214851,NA,106871,NA,NA
"233",2009-05-09,409826,NA,105282,NA,NA,141658,NA,NA,209195,NA,98217,NA,NA
"234",2009-05-16,352892,NA,99593,NA,NA,120838,NA,NA,174100,NA,97762,NA,NA
"235",2009-05-23,352695,NA,98827,NA,NA,117278,NA,NA,199699,NA,104541,NA,NA
"236",2009-05-30,388930,NA,111949,NA,NA,122754,NA,NA,200719,NA,102744,NA,NA
"237",2009-06-06,362617,NA,104433,NA,NA,118325,NA,NA,179210,NA,107848,NA,NA
"238",2009-06-13,361088,NA,109307,NA,NA,122944,NA,NA,183688,NA,112453,NA,NA
"239",2009-06-20,382751,NA,108936,NA,NA,124764,NA,NA,181225,NA,110745,NA,NA
"240",2009-06-27,394046,NA,109537,NA,NA,139587,NA,NA,188283,NA,109922,NA,NA
"241",2009-07-04,405341,NA,111768,NA,NA,156095,NA,NA,182362,NA,108081,NA,NA
"242",2009-07-11,495351,NA,109399,NA,NA,146636,NA,NA,175270,NA,106745,NA,NA
"243",2009-07-18,447211,NA,108911,NA,NA,138848,NA,NA,171161,NA,105527,NA,NA
"244",2009-07-25,398871,NA,104199,NA,NA,140754,NA,NA,195023,NA,103111,NA,NA
"245",2009-08-01,398912,NA,108037,NA,NA,141222,NA,NA,295584,NA,105836,NA,NA
"246",2009-08-08,378743,NA,100220,NA,NA,137271,NA,NA,222046,NA,102725,NA,NA
"247",2009-08-15,373096,NA,104300,NA,NA,135893,NA,NA,213480,NA,114246,NA,NA
"248",2009-08-22,348669,NA,96058,NA,NA,117889,NA,NA,177941,NA,107455,NA,NA
"249",2009-08-29,331402,NA,167811,NA,NA,141690,NA,NA,170352,NA,128989,NA,NA
"250",2009-09-05,326511,NA,601186,NA,NA,122214,NA,NA,160123,NA,148686,NA,NA
"251",2009-09-12,331807,NA,352880,NA,NA,110942,NA,NA,149924,NA,137819,NA,NA
"252",2009-09-19,338703,NA,297188,NA,NA,108685,NA,NA,160478,NA,134865,NA,NA
"253",2009-09-26,324895,NA,265847,NA,NA,99172,NA,NA,142170,NA,153808,NA,NA
"254",2009-10-03,351848,NA,291617,NA,NA,213188,NA,NA,325652,NA,161501,NA,NA
"255",2009-10-10,333779,NA,258210,NA,NA,182966,NA,NA,361662,NA,162327,NA,NA
"256",2009-10-17,316101,NA,281682,NA,NA,158569,NA,NA,366325,NA,157863,NA,NA
"257",2009-10-24,321941,NA,267763,NA,NA,160634,NA,NA,373334,NA,166097,NA,NA
"258",2009-10-31,380029,NA,301257,NA,NA,200112,NA,NA,379764,NA,208768,NA,NA
"259",2009-11-07,444973,NA,361263,NA,NA,193651,NA,NA,459243,NA,328667,NA,NA
"260",2009-11-14,549923,NA,431928,NA,NA,205547,NA,NA,533148,NA,443269,NA,NA
"261",2009-11-21,783492,NA,422795,NA,NA,231239,NA,NA,702858,NA,381807,NA,NA
"262",2009-11-28,1524731,NA,818843,NA,NA,375038,NA,NA,1090313,NA,599275,NA,NA
"263",2009-12-05,1205167,NA,656625,NA,NA,390760,NA,NA,1541469,NA,495465,NA,NA
"264",2009-12-12,1473301,NA,745551,NA,NA,444516,NA,NA,1378203,NA,578866,NA,NA
"265",2009-12-19,1696602,NA,1030233,NA,NA,531912,NA,NA,1746235,NA,720276,NA,NA
"266",2009-12-26,1792678,NA,999523,NA,NA,610365,NA,NA,1823190,NA,788427,NA,NA
"267",2010-01-02,825243,NA,523442,NA,NA,423122,NA,NA,907244,NA,313631,NA,NA
"268",2010-01-09,456970,NA,369502,NA,NA,348838,NA,NA,529310,NA,218430,NA,NA
"269",2010-01-16,312944,NA,245052,NA,NA,202620,NA,NA,308853,NA,158231,NA,NA
"270",2010-01-23,298973,NA,227806,NA,NA,176638,NA,NA,346470,NA,157736,NA,NA
"271",2010-01-30,326775,NA,243072,NA,NA,168178,NA,NA,337874,NA,194326,NA,NA
"272",2010-02-06,278679,NA,222198,NA,NA,147076,NA,NA,296310,NA,170198,NA,NA
"273",2010-02-13,289457,NA,230533,NA,NA,135120,NA,NA,253477,NA,189161,NA,NA
"274",2010-02-20,305313,NA,238950,NA,NA,140536,NA,NA,289216,NA,193241,NA,NA
"275",2010-02-27,294036,NA,241853,NA,NA,141386,NA,NA,264514,NA,175881,NA,NA
"276",2010-03-06,380766,NA,216092,NA,NA,164334,NA,NA,326021,NA,148892,NA,NA
"277",2010-03-13,324218,NA,240755,NA,NA,138918,NA,NA,254219,NA,161002,NA,NA
"278",2010-03-20,316546,NA,237543,NA,NA,139745,NA,NA,261951,NA,143130,NA,NA
"279",2010-03-27,317105,NA,251173,NA,NA,139536,NA,NA,267510,NA,145089,NA,NA
"280",2010-04-03,389819,NA,242895,NA,NA,133895,NA,NA,269106,NA,156286,NA,NA
"281",2010-04-10,326387,NA,195920,NA,NA,122555,NA,NA,234929,NA,134535,NA,NA
"282",2010-04-17,285749,NA,176481,NA,NA,111133,NA,NA,211875,NA,124040,NA,NA
"283",2010-04-24,240359,NA,150781,NA,NA,108068,NA,NA,204143,NA,108542,NA,NA
"284",2010-05-01,257635,NA,157438,NA,NA,144121,NA,NA,206006,NA,104940,NA,NA
"285",2010-05-08,282003,NA,164121,NA,NA,133451,NA,NA,205719,NA,107235,NA,NA
"286",2010-05-15,238430,NA,153920,NA,NA,113127,NA,NA,215470,NA,105713,NA,NA
"287",2010-05-22,235864,NA,146388,NA,NA,100125,NA,NA,220241,NA,107047,NA,NA
"288",2010-05-29,235870,NA,148236,NA,NA,104244,NA,NA,228071,NA,104063,NA,NA
"289",2010-06-05,227657,NA,155871,NA,NA,106735,NA,NA,209794,NA,106916,NA,NA
"290",2010-06-12,225940,NA,151518,NA,NA,148187,NA,NA,198659,NA,100837,NA,NA
"291",2010-06-19,278268,NA,153282,NA,NA,115444,NA,NA,173049,NA,168244,NA,NA
"292",2010-06-26,309983,NA,160187,NA,NA,121450,NA,NA,156944,NA,228899,NA,NA
"293",2010-07-03,311883,NA,166138,NA,NA,131155,NA,NA,158247,NA,203544,NA,NA
"294",2010-07-10,291030,NA,164442,NA,NA,125701,NA,NA,159496,NA,180305,NA,NA
"295",2010-07-17,271550,NA,158020,NA,NA,124442,NA,NA,149882,NA,352841,NA,NA
"296",2010-07-24,272432,NA,144485,NA,NA,122406,NA,NA,140995,NA,238953,NA,NA
"297",2010-07-31,284796,NA,189236,NA,NA,147280,NA,NA,147351,NA,213750,NA,NA
"298",2010-08-07,279015,NA,171574,NA,NA,126960,NA,NA,150457,NA,208869,NA,NA
"299",2010-08-14,284615,NA,178533,NA,NA,126201,NA,NA,150560,NA,186623,NA,NA
"300",2010-08-21,255121,NA,160718,NA,NA,110406,NA,NA,136174,NA,175647,NA,NA
"301",2010-08-28,237948,NA,160409,NA,NA,143848,NA,NA,166065,NA,170037,NA,NA
"302",2010-09-04,227529,NA,166263,NA,NA,119018,NA,NA,171389,NA,172704,NA,NA
"303",2010-09-11,219912,NA,151821,NA,NA,145728,NA,NA,139457,NA,163605,NA,NA
"304",2010-09-18,298429,NA,191007,NA,NA,122814,NA,NA,134698,NA,270466,NA,NA
"305",2010-09-25,319089,NA,198730,NA,NA,122695,NA,NA,128866,NA,194090,NA,NA
"306",2010-10-02,276743,NA,217736,NA,NA,123443,NA,NA,125371,NA,200906,NA,NA
"307",2010-10-09,274723,NA,219887,NA,NA,118125,NA,NA,123209,NA,193053,NA,NA
"308",2010-10-16,243586,NA,239077,NA,NA,120482,NA,NA,127549,NA,184357,NA,NA
"309",2010-10-23,238891,NA,242319,NA,NA,112856,NA,NA,175908,NA,192544,NA,NA
"310",2010-10-30,311700,NA,274503,NA,NA,131636,NA,NA,261037,NA,228171,NA,NA
"311",2010-11-06,341979,NA,306717,NA,NA,139422,NA,NA,316440,NA,376168,NA,NA
"312",2010-11-13,397330,NA,370580,NA,NA,157701,NA,NA,468060,NA,531482,NA,NA
"313",2010-11-20,550308,NA,357659,NA,NA,251087,NA,NA,561055,NA,483352,NA,NA
"314",2010-11-27,1265678,NA,741248,NA,NA,335030,NA,NA,980423,NA,939326,NA,NA
"315",2010-12-04,954266,NA,617042,NA,NA,563652,NA,NA,988441,NA,716292,NA,NA
"316",2010-12-11,1134324,NA,673863,NA,NA,442892,NA,NA,1282261,NA,805300,NA,NA
"317",2010-12-18,1307290,NA,846764,NA,NA,486481,NA,NA,1398203,NA,1085533,NA,NA
"318",2010-12-25,1414810,NA,880732,NA,NA,568726,NA,NA,1441770,NA,1138513,NA,NA
"319",2011-01-01,614664,NA,511270,NA,NA,327279,NA,NA,616424,NA,454273,NA,NA
"320",2011-01-08,428125,NA,356258,NA,NA,238416,NA,NA,411380,NA,267829,NA,NA
"321",2011-01-15,248985,NA,236877,NA,NA,137574,NA,NA,233911,NA,192251,NA,NA
"322",2011-01-22,213039,NA,219983,NA,NA,134392,NA,NA,188490,NA,199089,NA,NA
"323",2011-01-29,216580,NA,229251,NA,NA,128762,NA,NA,187064,NA,214775,NA,NA
"324",2011-02-05,202249,NA,231207,NA,NA,115309,NA,NA,180606,NA,205723,NA,NA
"325",2011-02-12,204117,NA,227632,NA,NA,196376,NA,NA,176646,NA,203335,NA,NA
"326",2011-02-19,218022,NA,245697,NA,NA,158201,NA,NA,185039,NA,212230,NA,NA
"327",2011-02-26,229293,NA,282000,NA,NA,145770,NA,374164,199913,NA,224034,NA,NA
"328",2011-03-05,210978,NA,232323,NA,NA,184361,NA,208479,169830,NA,184803,NA,NA
"329",2011-03-12,230530,NA,219542,NA,NA,136858,NA,100739,148092,NA,159011,NA,NA
"330",2011-03-19,193782,NA,204108,NA,NA,110237,NA,63358,140157,NA,153277,NA,NA
"331",2011-03-26,184541,NA,191998,NA,NA,127774,NA,393048,135021,NA,141106,NA,NA
"332",2011-04-02,173631,NA,187151,NA,NA,135311,NA,609628,123348,NA,138104,NA,NA
"333",2011-04-09,166570,NA,179186,NA,NA,115226,NA,198967,111426,NA,136254,NA,NA
"334",2011-04-16,168020,NA,182863,NA,NA,108568,NA,144814,116738,NA,154713,NA,NA
"335",2011-04-23,163629,NA,192969,NA,NA,132572,NA,114329,124954,NA,157663,NA,NA
"336",2011-04-30,166058,NA,171146,NA,NA,159473,NA,102975,120726,NA,150027,NA,NA
"337",2011-05-07,164618,NA,160130,NA,NA,165672,NA,96060,106716,NA,141553,NA,NA
"338",2011-05-14,140786,NA,150214,NA,NA,129127,NA,77856,85142,NA,142900,NA,NA
"339",2011-05-21,136979,NA,164037,NA,NA,119773,NA,72040,161728,NA,145256,NA,NA
"340",2011-05-28,138871,NA,165678,NA,NA,124020,NA,73806,233888,NA,138099,NA,NA
"341",2011-06-04,138615,NA,168002,NA,NA,119656,NA,72844,214655,NA,139930,NA,NA
"342",2011-06-11,147227,NA,164943,NA,NA,116578,NA,68743,172180,NA,139649,NA,NA
"343",2011-06-18,147008,NA,166546,NA,NA,122766,NA,88969,158179,NA,143661,NA,NA
"344",2011-06-25,165633,NA,182189,NA,NA,122302,NA,96197,154082,NA,142702,NA,NA
"345",2011-07-02,192301,NA,200005,NA,NA,132277,NA,92280,145422,NA,148617,NA,NA
"346",2011-07-09,180051,NA,182360,NA,NA,124053,NA,76653,134045,NA,160184,NA,NA
"347",2011-07-16,168022,NA,172146,NA,NA,119251,NA,96181,129416,NA,145960,NA,NA
"348",2011-07-23,168702,NA,167499,NA,NA,115408,NA,79883,131668,NA,133162,NA,NA
"349",2011-07-30,164483,NA,176658,NA,NA,125080,NA,57167,125401,NA,134499,NA,NA
"350",2011-08-06,145665,NA,177901,NA,NA,128257,NA,35976,124728,NA,134288,NA,NA
"351",2011-08-13,132850,NA,166612,NA,NA,130412,NA,346531,128398,NA,129864,NA,NA
"352",2011-08-20,120125,NA,211387,NA,NA,123139,NA,299641,124234,NA,131504,NA,NA
"353",2011-08-27,111021,NA,245227,NA,NA,113480,NA,210158,115612,NA,138281,NA,NA
"354",2011-09-03,108909,NA,264262,NA,NA,107720,NA,190056,112882,NA,140100,NA,NA
"355",2011-09-10,98989,NA,289472,NA,NA,100502,NA,165127,106509,NA,140643,NA,NA
"356",2011-09-17,90884,NA,244106,NA,NA,96868,NA,167438,105466,NA,133979,NA,NA
"357",2011-09-24,89338,NA,243444,NA,NA,95959,NA,168751,110974,NA,232305,NA,NA
"358",2011-10-01,84818,NA,255742,NA,NA,104265,NA,160929,112910,NA,204216,NA,NA
"359",2011-10-08,80876,NA,264582,NA,NA,105695,NA,162327,132972,NA,197525,NA,NA
"360",2011-10-15,77428,NA,245097,NA,NA,102419,NA,163936,144129,NA,203885,NA,NA
"361",2011-10-22,85046,NA,253045,NA,NA,99744,NA,197229,170264,NA,219702,NA,NA
"362",2011-10-29,104709,NA,299464,NA,NA,115827,NA,223135,205864,NA,286060,NA,NA
"363",2011-11-05,121462,NA,346630,NA,NA,118654,NA,331538,230546,NA,317817,NA,NA
"364",2011-11-12,141236,NA,392471,NA,NA,122621,NA,311102,272105,NA,568343,NA,NA
"365",2011-11-19,188794,NA,403256,NA,NA,163812,NA,396540,357380,NA,532076,NA,NA
"366",2011-11-26,351510,NA,882412,NA,NA,227220,NA,861566,867361,NA,1377326,NA,NA
"367",2011-12-03,305952,NA,609404,NA,NA,201442,NA,769261,536394,NA,707423,NA,NA
"368",2011-12-10,324882,NA,679474,NA,NA,270370,NA,1029321,643674,NA,869543,NA,NA
"369",2011-12-17,362941,NA,799607,NA,NA,319881,322488,1156302,755489,NA,1018271,NA,NA
"370",2011-12-24,384692,NA,860546,NA,NA,372632,105451,1341135,841204,NA,1082162,NA,NA
"371",2011-12-31,177103,NA,518381,NA,NA,196641,53634,504798,358658,NA,421608,NA,NA
"372",2012-01-07,95484,NA,378977,NA,NA,210471,47162,428286,259581,NA,226291,NA,NA
"373",2012-01-14,58974,NA,230705,NA,NA,96936,20756,223826,133284,NA,151516,NA,NA
"374",2012-01-21,54243,NA,201410,NA,NA,89324,17319,180955,111755,NA,162137,NA,NA
"375",2012-01-28,50174,NA,197978,NA,NA,83224,22618,188653,104264,NA,149886,NA,NA
"376",2012-02-04,50923,NA,209859,NA,NA,85937,20756,175494,106575,NA,168995,NA,NA
"377",2012-02-11,52929,NA,210895,NA,NA,88427,17704,180575,107096,NA,146716,NA,NA
"378",2012-02-18,54696,NA,215621,NA,NA,87343,86252,200957,109268,NA,152691,NA,NA
"379",2012-02-25,56697,NA,228277,NA,NA,86081,377716,184692,112505,NA,157982,NA,NA
"380",2012-03-03,48174,NA,245169,NA,NA,81289,121007,157515,88923,NA,134519,NA,NA
"381",2012-03-10,40330,NA,209583,NA,NA,78422,89253,151084,80818,NA,136545,NA,NA
"382",2012-03-17,42445,NA,186571,NA,NA,77327,71123,143435,73571,NA,123330,NA,NA
"383",2012-03-24,42539,NA,170334,NA,NA,76310,62904,175371,71169,NA,108033,NA,NA
"384",2012-03-31,44473,NA,174036,NA,NA,74147,62151,205187,71853,NA,107202,NA,NA
"385",2012-04-07,45943,NA,182088,NA,NA,77257,50713,163219,76972,NA,141865,NA,NA
"386",2012-04-14,40183,NA,170657,NA,NA,65915,47339,141591,65521,NA,112066,NA,NA
"387",2012-04-21,37255,NA,164091,NA,NA,59756,44722,160701,64984,NA,117068,NA,NA
"388",2012-04-28,36612,NA,152509,NA,NA,72827,49547,142538,66828,NA,108863,NA,NA
"389",2012-05-05,34880,NA,140708,NA,NA,68173,44973,160012,70297,NA,92788,NA,NA
"390",2012-05-12,33171,NA,130857,NA,NA,57280,37381,107965,54581,NA,90056,NA,NA
"391",2012-05-19,41581,NA,136612,NA,NA,57587,36983,106877,56597,NA,95823,NA,NA
"392",2012-05-26,70054,NA,142283,NA,NA,58841,37997,117924,57257,NA,99949,NA,NA
"393",2012-06-02,62088,NA,145449,NA,NA,56353,42700,161376,54497,NA,104952,NA,NA
"394",2012-06-09,53588,NA,137845,NA,NA,55066,45171,129263,57317,NA,101014,NA,NA
"395",2012-06-16,50482,NA,139307,NA,NA,52828,71766,131308,52059,NA,104117,NA,NA
"396",2012-06-23,46656,NA,140855,NA,NA,54462,43687,145946,48574,NA,103914,NA,NA
"397",2012-06-30,43612,NA,142522,NA,NA,54252,56777,141310,48894,NA,103439,NA,NA
"398",2012-07-07,41489,NA,137380,NA,NA,58539,41671,122459,51440,NA,105897,NA,NA
"399",2012-07-14,41167,NA,133117,NA,NA,56936,40156,112934,51731,NA,106683,NA,NA
"400",2012-07-21,37638,NA,129138,NA,NA,57598,38441,103794,54290,NA,101342,NA,NA
"401",2012-07-28,34129,NA,138081,NA,NA,56638,37763,357396,58649,NA,105109,NA,NA
"402",2012-08-04,33877,NA,133982,NA,NA,57617,35610,261754,91117,NA,102896,NA,NA
"403",2012-08-11,32528,NA,130816,NA,NA,55499,33887,211908,60888,NA,105089,NA,NA
"404",2012-08-18,32168,NA,142617,NA,NA,54431,35984,220988,59884,NA,107738,NA,NA
"405",2012-08-25,37617,NA,126168,NA,NA,48609,34210,229096,50881,NA,105138,NA,NA
"406",2012-09-01,37942,NA,137828,NA,NA,49866,84721,216076,49027,NA,114257,NA,NA
"407",2012-09-08,37341,NA,135099,NA,NA,47033,39498,181169,44601,NA,114750,NA,NA
"408",2012-09-15,39192,NA,139597,NA,NA,46650,36266,176811,43694,NA,114755,NA,NA
"409",2012-09-22,38524,NA,128704,NA,NA,51997,36425,175466,40762,NA,132064,NA,NA
"410",2012-09-29,36496,NA,173969,NA,NA,63766,47521,199824,42011,NA,141882,NA,NA
"411",2012-10-06,36967,NA,225706,NA,NA,55864,41532,186536,46606,NA,158168,NA,NA
"412",2012-10-13,36104,NA,227309,NA,NA,52583,41308,207202,45662,NA,155564,NA,NA
"413",2012-10-20,38566,NA,201061,NA,NA,54279,42862,197370,54083,NA,181332,NA,NA
"414",2012-10-27,41843,NA,224865,NA,NA,55174,48790,228551,67135,NA,221313,NA,NA
"415",2012-11-03,49889,NA,316048,NA,NA,58413,71890,266313,81063,NA,246378,NA,NA
"416",2012-11-10,57102,NA,298072,NA,NA,73605,72631,370359,106035,NA,375098,NA,NA
"417",2012-11-17,79007,NA,362894,NA,NA,92294,103202,403247,150032,NA,458576,NA,NA
"418",2012-11-24,300703,NA,894365,NA,NA,147780,217968,629954,413009,472099,1191682,NA,NA
"419",2012-12-01,160748,NA,506045,NA,NA,130091,126235,562320,212295,321306,535395,NA,NA
"420",2012-12-08,176795,NA,547098,NA,NA,159558,144575,690540,246286,529269,626502,NA,NA
"421",2012-12-15,192081,NA,578293,NA,NA,200796,158876,938652,285232,333322,771071,NA,NA
"422",2012-12-22,203998,NA,611384,NA,NA,255893,179992,1122689,323036,318607,805994,NA,NA
"423",2012-12-29,116966,NA,423283,NA,NA,181379,126412,628069,194435,189631,362191,NA,NA
"424",2013-01-05,39601,NA,312803,NA,NA,165363,83491,427150,103692,117911,201640,NA,NA
"425",2013-01-12,25613,NA,176775,NA,NA,90065,42681,181589,61678,46675,128408,NA,NA
"426",2013-01-19,19539,NA,155723,NA,NA,72401,34767,145767,45356,35110,106859,NA,NA
"427",2013-01-26,20661,NA,155664,NA,NA,62320,34303,136580,43750,31386,102840,NA,NA
"428",2013-02-02,22990,NA,165564,NA,NA,58179,35197,143659,41672,33926,112826,NA,NA
"429",2013-02-09,24981,NA,165207,NA,NA,54043,35273,210330,44819,33744,123576,NA,NA
"430",2013-02-16,28077,NA,177529,NA,NA,56641,35231,183649,53204,35750,133764,NA,NA
"431",2013-02-23,28207,NA,163336,NA,NA,55507,39823,156530,45232,32741,122986,NA,NA
"432",2013-03-02,24419,NA,164160,NA,NA,53312,87579,155565,43413,27562,108223,NA,NA
"433",2013-03-09,19161,NA,146199,NA,NA,59315,85449,136236,37991,26498,104147,NA,NA
"434",2013-03-16,20127,NA,140204,NA,NA,50784,59131,139403,34478,26295,99302,NA,NA
"435",2013-03-23,19529,NA,137956,NA,NA,46198,63685,146535,33696,49784,90104,NA,NA
"436",2013-03-30,21613,NA,150041,NA,NA,50739,58246,186840,41931,60456,105683,NA,NA
"437",2013-04-06,19406,NA,130451,NA,NA,44001,42771,152721,34392,41630,96484,NA,NA
"438",2013-04-13,20336,NA,122195,NA,NA,41108,36794,130656,30424,31371,84271,NA,NA
"439",2013-04-20,19842,NA,116856,NA,NA,39668,36685,162843,29134,29961,82338,NA,NA
"440",2013-04-27,18862,NA,116405,NA,NA,40827,40795,136934,29125,27706,74541,NA,NA
"441",2013-05-04,17259,NA,108586,NA,NA,40527,50532,148737,27805,29252,65175,NA,NA
"442",2013-05-11,17694,NA,100029,NA,NA,36757,34764,119725,26129,23500,61733,NA,NA
"443",2013-05-18,16704,NA,101594,NA,NA,38042,32725,109698,26066,21108,60568,NA,NA
"444",2013-05-25,17340,NA,103565,NA,NA,38275,35677,123833,25540,22112,59462,NA,NA
"445",2013-06-01,17530,NA,97869,NA,NA,37299,34836,111795,25954,21912,60213,NA,NA
"446",2013-06-08,16947,NA,92016,NA,NA,36559,30941,103409,25807,20268,58018,NA,NA
"447",2013-06-15,15676,NA,106544,NA,NA,37714,34764,209282,24605,19251,59347,NA,NA
"448",2013-06-22,17294,NA,97229,NA,NA,37974,34928,159484,23432,17711,62574,NA,NA
"449",2013-06-29,17075,NA,99088,NA,NA,38038,60267,147947,23710,20102,64813,NA,NA
"450",2013-07-06,16119,NA,91352,NA,NA,36388,46540,130899,23168,21177,64535,NA,NA
"451",2013-07-13,16098,NA,89982,NA,NA,36293,38865,126642,22945,35480,62404,NA,NA
"452",2013-07-20,15462,NA,84789,NA,NA,35169,36843,134791,22793,28987,58549,NA,NA
"453",2013-07-27,14281,NA,83308,NA,NA,35863,40633,137371,23122,27389,58005,NA,NA
"454",2013-08-03,14837,NA,83827,NA,NA,34714,39068,153756,23330,24714,55408,NA,NA
"455",2013-08-10,14044,NA,82130,NA,NA,34815,41673,141357,22779,29927,54067,NA,NA
"456",2013-08-17,14044,NA,88435,NA,NA,36440,43347,165950,23068,27591,54398,NA,NA
"457",2013-08-24,13952,NA,95916,NA,NA,35175,44965,138716,23823,22286,54888,NA,NA
"458",2013-08-31,13507,NA,114750,NA,NA,34731,44708,153368,23499,20435,54842,NA,NA
"459",2013-09-07,12912,NA,109445,NA,NA,32629,43482,168140,22098,21284,59230,NA,NA
"460",2013-09-14,12895,NA,100790,NA,NA,31612,41200,378528,20986,18767,62116,NA,NA
"461",2013-09-21,12487,NA,277887,NA,NA,29878,40433,258131,20642,32222,132130,NA,NA
"462",2013-09-28,12049,NA,178473,NA,NA,30064,43400,225945,20537,41198,104250,NA,NA
"463",2013-10-05,11609,NA,148002,NA,NA,29207,43846,216254,22399,67009,100680,NA,NA
"464",2013-10-12,10342,NA,131981,NA,NA,26639,95938,448438,21268,42578,96769,NA,NA
"465",2013-10-19,10658,NA,124088,NA,NA,27068,73169,381484,23617,31328,99042,NA,NA
"466",2013-10-26,11766,NA,125050,NA,NA,28431,74554,355764,25703,29449,95294,NA,NA
"467",2013-11-02,11819,NA,133458,NA,NA,34295,79736,326821,29663,74713,109377,NA,NA
"468",2013-11-09,13500,NA,167637,NA,NA,39989,76640,329495,34690,59236,144039,NA,NA
"469",2013-11-16,13825,NA,172240,1071184,NA,86053,146792,336245,45475,71374,167782,NA,NA
"470",2013-11-23,16522,NA,209786,103775,NA,104942,101148,411190,54700,104023,205297,1104585,NA
"471",2013-11-30,30275,NA,465892,966210,NA,115126,164207,852938,100737,240103,494275,461423,NA
"472",2013-12-07,20540,NA,265993,349355,NA,129578,143909,661997,85580,198058,313466,300431,NA
"473",2013-12-14,25654,NA,314174,482187,NA,134181,165803,790250,96986,275278,357010,378126,NA
"474",2013-12-21,26439,NA,348358,738673,NA,141139,187336,963853,107462,350743,378045,396835,NA
"475",2013-12-28,16884,NA,301463,463906,NA,141028,202379,704811,81344,244104,326458,287541,NA
"476",2014-01-04,NA,NA,202753,271710,NA,107369,163617,394209,38523,118339,87100,145906,NA
"477",2014-01-11,NA,NA,94928,180696,NA,60731,80493,160925,24008,51141,45172,77744,NA
"478",2014-01-18,NA,NA,83079,162825,NA,36906,64270,121592,17209,39418,38115,63464,NA
"479",2014-01-25,NA,NA,81118,157073,NA,29955,56132,111206,15712,33344,37522,59885,NA
"480",2014-02-01,NA,NA,83271,163457,NA,26484,52651,112169,16273,33185,39450,59583,NA
"481",2014-02-08,NA,NA,75733,150936,NA,24652,48478,130195,18118,35144,39343,62468,NA
"482",2014-02-15,NA,NA,78995,130500,NA,24396,49905,123459,21418,42092,42831,65088,NA
"483",2014-02-22,NA,NA,78190,438621,NA,22865,47779,113548,19138,46095,43050,64234,NA
"484",2014-03-01,NA,NA,79678,162317,NA,21938,50451,114908,18502,39826,37825,59832,NA
"485",2014-03-08,NA,NA,74337,143626,NA,20286,60695,105963,17539,35130,37901,64961,NA
"486",2014-03-15,NA,NA,75146,154118,NA,20408,56673,101601,16375,34859,36037,144874,NA
"487",2014-03-22,NA,NA,74655,233428,NA,19684,70374,106865,15956,36371,33455,90467,NA
"488",2014-03-29,NA,NA,82042,197320,NA,17289,72589,130253,16947,38415,34996,70583,NA
"489",2014-04-05,NA,NA,66865,181431,NA,15936,49311,97911,15894,31694,35445,65149,NA
"490",2014-04-12,NA,NA,57910,163880,NA,14822,47288,90900,15181,27423,32844,60391,NA
"491",2014-04-19,NA,NA,55743,165134,NA,13662,40969,90616,14908,29115,34000,53373,NA
"492",2014-04-26,NA,NA,55642,150100,NA,13637,46437,96200,14561,26864,32498,48104,NA
"493",2014-05-03,NA,NA,56025,143185,NA,14162,45396,101502,13759,27755,25733,44555,NA
"494",2014-05-10,NA,NA,51055,142857,NA,12489,77995,96941,13055,27255,24450,40186,NA
"495",2014-05-17,NA,NA,52130,131098,NA,12247,45440,82807,14607,25983,25234,37739,NA
"496",2014-05-24,NA,NA,52645,136337,NA,12097,43707,81700,15470,28630,24326,39674,NA
"497",2014-05-31,NA,NA,49378,220037,NA,10967,41803,81864,14941,123064,25311,53191,NA
"498",2014-06-07,NA,NA,46721,163069,NA,38209,38838,97448,13927,88836,22497,43634,NA
"499",2014-06-14,NA,NA,50127,152360,NA,11559,40470,94937,12998,67928,20352,64797,NA
"500",2014-06-21,NA,NA,48516,151538,NA,10072,38822,95089,12240,58092,20984,76463,NA
"501",2014-06-28,NA,NA,49520,164308,NA,8931,51508,97712,11940,56217,22056,67991,NA
"502",2014-07-05,NA,NA,48234,164390,NA,8643,45609,92513,11653,57006,21855,65377,NA
"503",2014-07-12,NA,NA,46910,155690,NA,7598,65415,121962,11419,52783,20401,61883,NA
"504",2014-07-19,NA,NA,44619,151361,NA,7430,54183,98851,11033,51149,19524,58772,NA
"505",2014-07-26,NA,NA,44424,145947,NA,7259,47002,99378,10780,50431,19303,55522,NA
"506",2014-08-02,NA,NA,44499,202569,NA,7046,42862,100552,10741,48175,20312,54903,NA
"507",2014-08-09,NA,NA,40689,154866,NA,6933,41799,99024,10476,50074,19122,53442,NA
"508",2014-08-16,NA,NA,40733,139138,NA,5577,44666,105245,10075,52500,19195,53170,NA
"509",2014-08-23,NA,NA,34434,142717,NA,5242,37411,87077,9932,41497,19863,52660,NA
"510",2014-08-30,NA,NA,44035,157161,NA,4328,44910,88801,9868,39940,19771,85376,NA
"511",2014-09-06,NA,NA,47290,148485,NA,NA,40177,79537,10732,35521,19066,158800,NA
"512",2014-09-13,NA,NA,53836,508882,NA,NA,38179,94008,10680,35248,26295,193197,NA
"513",2014-09-20,NA,NA,44397,246371,NA,NA,37952,94839,10407,38415,24917,110188,NA
"514",2014-09-27,NA,NA,47445,385630,NA,NA,44163,83193,10256,49337,28948,162806,NA
"515",2014-10-04,NA,NA,44487,292517,NA,NA,43541,122128,10511,41038,36073,122103,NA
"516",2014-10-11,NA,NA,42027,272330,NA,NA,39975,345735,10554,36505,30818,101785,NA
"517",2014-10-18,NA,NA,41202,258615,NA,NA,41967,201706,10614,38892,32056,101310,NA
"518",2014-10-25,NA,NA,44604,275746,NA,NA,49815,201771,11147,44337,34959,103097,NA
"519",2014-11-01,NA,NA,48506,278020,NA,NA,54062,179520,12220,50999,36734,182081,NA
"520",2014-11-08,NA,NA,58507,425678,NA,NA,57117,206059,12847,53555,46297,380966,NA
"521",2014-11-15,NA,NA,56998,429953,NA,NA,77405,222589,15788,77230,51013,333818,NA
"522",2014-11-22,NA,NA,64775,543091,NA,NA,83095,306782,18086,129677,72856,385370,NA
"523",2014-11-29,NA,NA,135186,1036032,NA,NA,132935,646586,32210,260020,125749,942645,NA
"524",2014-12-06,NA,NA,121268,710076,NA,NA,136364,463029,29203,207218,119959,523395,NA
"525",2014-12-13,NA,NA,129016,721893,NA,NA,152051,528755,29934,250188,119940,485239,NA
"526",2014-12-20,NA,NA,137016,785000,NA,NA,177878,656979,31684,289447,127679,569948,NA
"527",2014-12-27,NA,NA,133305,658100,NA,NA,149785,562443,26426,274362,61013,486489,NA
"528",2015-01-03,NA,NA,100182,358409,NA,NA,122104,354218,16372,130995,21347,181789,NA
"529",2015-01-10,NA,NA,48741,197399,NA,NA,55219,128143,11102,45284,12741,86398,NA
"530",2015-01-17,NA,NA,42122,157215,NA,NA,41663,98486,9799,38408,10290,72465,NA
"531",2015-01-24,NA,NA,45927,155694,NA,NA,36993,88532,9323,33146,10317,75519,NA
"532",2015-01-31,NA,NA,43945,171907,NA,NA,31292,83912,8892,35005,10556,81824,NA
"533",2015-02-07,NA,NA,42295,189058,NA,NA,30027,88666,9075,40201,10249,105223,NA
"534",2015-02-14,NA,NA,44996,215053,NA,NA,34278,367799,9548,50624,9899,110473,NA
"535",2015-02-21,NA,NA,43965,271539,NA,NA,64033,245482,9202,46648,10413,106870,NA
"536",2015-02-28,NA,NA,46820,286443,NA,NA,48590,181811,8543,36094,9197,109718,NA
"537",2015-03-07,NA,NA,41927,242191,NA,NA,42435,155835,7843,31575,8675,90387,NA
"538",2015-03-14,NA,NA,39663,232449,NA,NA,44078,140746,7156,29609,8412,82439,NA
"539",2015-03-21,NA,NA,34799,305164,NA,NA,75613,128314,6850,45031,7041,90160,NA
"540",2015-03-28,NA,NA,37200,313790,NA,NA,59734,122908,7122,36317,7693,84790,NA
"541",2015-04-04,NA,NA,36055,252724,NA,NA,48429,119543,6745,32254,7906,84118,NA
"542",2015-04-11,NA,NA,33132,221940,NA,NA,36204,101814,6653,29874,7334,84603,NA
"543",2015-04-18,NA,NA,31887,199787,NA,NA,30759,88392,6486,28516,7478,86692,NA
"544",2015-04-25,NA,NA,31084,194318,NA,NA,31651,78278,6454,29240,6576,82518,NA
"545",2015-05-02,NA,NA,29246,180770,NA,NA,34824,78006,6178,44206,6628,80133,NA
"546",2015-05-09,NA,NA,28441,171753,NA,NA,34720,72989,5924,29746,6154,66342,NA
"547",2015-05-16,NA,NA,26951,158781,NA,NA,28080,61629,6056,25123,6334,63083,NA
"548",2015-05-23,NA,NA,25368,191161,NA,NA,27004,57439,6141,25595,6060,72117,NA
"549",2015-05-30,NA,NA,25030,166644,NA,NA,29476,58444,6079,54586,6069,67277,NA
"550",2015-06-06,NA,NA,23722,172107,NA,NA,25994,64190,5894,53660,6059,71296,NA
"551",2015-06-13,NA,NA,24021,180529,NA,NA,25837,79659,5569,47346,5639,82074,NA
"552",2015-06-20,NA,NA,23003,187192,NA,NA,27093,80100,5166,45310,6467,84844,NA
"553",2015-06-27,NA,NA,22505,352519,NA,NA,39865,91147,5158,40730,5701,142675,NA
"554",2015-07-04,NA,NA,22364,255750,NA,NA,30339,81344,4501,37805,5556,121020,NA
"555",2015-07-11,NA,NA,21158,200767,NA,NA,28491,87646,4457,33521,6205,97433,NA
"556",2015-07-18,NA,NA,20536,198607,NA,NA,27130,86045,4373,34224,5715,85604,NA
"557",2015-07-25,NA,NA,20414,180142,NA,NA,27113,91754,4272,34048,5589,78780,NA
"558",2015-08-01,NA,NA,20788,182909,NA,NA,26739,121271,4021,34306,5424,76205,NA
"559",2015-08-08,NA,NA,20170,176146,NA,NA,25566,98392,3934,34978,5056,80613,NA
"560",2015-08-15,NA,NA,20953,180659,NA,NA,31366,107098,3871,37806,4901,79995,NA
"561",2015-08-22,NA,NA,19617,182459,NA,NA,24093,93048,3810,31980,5084,77283,NA
"562",2015-08-29,NA,NA,19021,203754,NA,NA,26203,111942,3763,32119,4974,117484,NA
"563",2015-09-05,NA,NA,18982,313140,NA,NA,26354,92271,3773,29755,7046,109179,NA
"564",2015-09-12,NA,NA,20443,223570,NA,NA,24040,81730,3716,62858,7124,87833,NA
"565",2015-09-19,NA,NA,22847,237005,NA,NA,36953,80861,3434,48381,7060,124875,NA
"566",2015-09-26,NA,NA,23020,297138,NA,NA,37502,82670,3306,47320,8091,128439,NA
"567",2015-10-03,NA,NA,20644,271306,NA,NA,34848,77202,3246,37686,7768,113338,NA
"568",2015-10-10,NA,NA,20343,275222,NA,NA,31919,81158,3121,36390,8540,110936,NA
"569",2015-10-17,NA,NA,19889,255038,NA,NA,32863,87439,3095,39331,9054,116144,NA
"570",2015-10-24,NA,NA,21137,280764,NA,NA,32073,87914,2549,42596,9131,119137,NA
"571",2015-10-31,NA,NA,23178,294578,NA,NA,36447,96622,2525,49549,9673,226339,NA
"572",2015-11-07,NA,NA,22677,689929,NA,NA,38407,114055,2470,54949,10935,251654,NA
"573",2015-11-14,NA,NA,22035,595946,NA,NA,41862,152760,2439,71326,12653,310007,NA
"574",2015-11-21,NA,NA,25059,765120,NA,NA,46366,201588,2428,96727,18723,287698,NA
"575",2015-11-28,NA,NA,36501,1506202,NA,NA,65972,560646,3157,255592,32867,1094254,NA
"576",2015-12-05,NA,NA,31226,793700,NA,NA,66947,378707,2499,186244,34499,494574,NA
"577",2015-12-12,NA,NA,36038,855298,NA,NA,92849,394580,2499,234590,35312,504206,NA
"578",2015-12-19,NA,NA,38565,987740,NA,NA,123394,490161,2498,302130,35824,590865,NA
"579",2015-12-26,NA,NA,42384,1085584,NA,NA,153972,540776,2247,343021,33449,632876,NA
"580",2016-01-02,NA,NA,27358,527627,NA,NA,127387,229041,1294,136957,11522,231148,NA
"581",2016-01-09,NA,NA,17605,217897,NA,NA,69735,118576,NA,49338,4887,78546,NA
"582",2016-01-16,NA,NA,13404,198121,NA,NA,47343,90152,NA,34347,4183,68157,NA
"583",2016-01-23,NA,NA,13061,190159,NA,NA,40980,87198,NA,28008,3980,64825,NA
"584",2016-01-30,NA,NA,14302,206085,NA,NA,68789,84000,NA,28927,4186,75207,NA
"585",2016-02-06,NA,NA,13639,250443,NA,NA,45748,85683,NA,28312,3939,104617,NA
"586",2016-02-13,NA,NA,14221,247899,NA,NA,42952,144587,NA,31060,3994,110325,NA
"587",2016-02-20,NA,NA,14629,262410,NA,NA,44919,111895,NA,31378,4119,99745,NA
"588",2016-02-27,NA,NA,13138,239005,NA,NA,38754,97376,NA,27394,3906,99294,NA
"589",2016-03-05,NA,NA,12751,210077,NA,NA,46937,97362,NA,30835,3740,83585,NA
"590",2016-03-12,NA,NA,12051,232037,NA,NA,41785,92402,NA,25560,3637,122451,NA
"591",2016-03-19,NA,NA,11502,223942,NA,NA,42208,92300,NA,37045,3530,97503,NA
"592",2016-03-26,NA,NA,11881,216617,NA,NA,40946,115442,NA,24836,3687,84461,NA
"593",2016-04-02,NA,NA,11643,202748,NA,NA,38665,111528,NA,22098,3715,82161,NA
"594",2016-04-09,NA,NA,10979,176370,NA,NA,32554,92863,NA,22300,3602,81115,NA
"595",2016-04-16,NA,NA,11228,167419,NA,NA,31329,89564,NA,22688,3560,80877,NA
"596",2016-04-23,NA,NA,10610,163440,NA,NA,31086,83136,NA,22743,3491,81443,NA
"597",2016-04-30,NA,NA,11365,169185,NA,NA,36531,89971,NA,25896,3390,69624,NA
"598",2016-05-07,NA,NA,11216,165338,NA,NA,34861,88920,NA,21525,3383,58201,NA
"599",2016-05-14,NA,NA,11361,213851,NA,NA,30028,81190,NA,17403,3351,55290,NA
"600",2016-05-21,NA,NA,10853,171451,NA,NA,28079,75981,NA,17742,3285,60638,NA
"601",2016-05-28,NA,NA,10328,201650,NA,NA,33022,74449,NA,17519,3329,66061,NA
"602",2016-06-04,NA,NA,10001,195043,NA,NA,28802,78045,NA,18243,3328,63336,NA
"603",2016-06-11,NA,NA,10034,191686,NA,NA,27480,91515,NA,16804,3257,82415,NA
"604",2016-06-18,NA,NA,10022,194778,NA,NA,27216,90372,NA,17313,3240,87653,NA
"605",2016-06-25,NA,NA,10018,207284,NA,NA,27237,93304,NA,17244,3357,94836,NA
"606",2016-07-02,NA,NA,9936,199705,NA,NA,26821,93215,NA,16895,3362,95305,NA
"607",2016-07-09,NA,NA,9258,187205,NA,NA,25320,107866,NA,26950,3256,89495,NA
"608",2016-07-16,NA,NA,8975,182082,NA,NA,25713,119767,NA,19460,3212,86368,NA
"609",2016-07-23,NA,NA,8817,176953,NA,NA,25099,118875,NA,17775,3247,84125,NA
"610",2016-07-30,NA,NA,8886,202226,NA,NA,25273,122921,NA,17356,3139,81802,NA
"611",2016-08-06,NA,NA,8585,178812,NA,NA,23577,118203,NA,16173,3087,104022,NA
"612",2016-08-13,NA,NA,8680,181249,NA,NA,25845,117866,NA,16435,3131,107545,NA
"613",2016-08-20,NA,NA,9254,187704,NA,NA,24063,111515,NA,15891,3058,108550,NA
"614",2016-08-27,NA,NA,9777,206997,NA,NA,23553,111487,NA,16191,3135,142354,NA
"615",2016-09-03,NA,NA,11104,218931,NA,NA,26606,106564,NA,16037,3114,131942,NA
"616",2016-09-10,NA,NA,12215,226557,NA,NA,27310,100249,NA,17395,3285,125530,NA
"617",2016-09-17,NA,NA,16766,355724,NA,NA,29030,115876,NA,17545,3728,125787,NA
"618",2016-09-24,NA,NA,13651,300800,NA,NA,27469,114464,NA,18673,3593,121973,NA
"619",2016-10-01,NA,NA,11494,352893,NA,NA,27907,129444,NA,18658,3588,146165,NA
"620",2016-10-08,NA,NA,10226,318696,NA,NA,27881,124002,NA,16965,3456,139116,NA
"621",2016-10-15,NA,NA,9818,311235,NA,NA,26008,110645,NA,14775,3314,225602,NA
"622",2016-10-22,NA,NA,9738,341053,NA,NA,29474,103559,NA,13111,3392,199028,NA
"623",2016-10-29,NA,NA,10042,337046,NA,NA,30872,104635,NA,14170,4575,156202,NA
"624",2016-11-05,NA,NA,10943,509710,NA,NA,30855,112050,NA,16744,4869,225677,NA
"625",2016-11-12,NA,NA,10589,819156,NA,NA,33591,123873,NA,18599,5939,247383,NA
"626",2016-11-19,NA,NA,11748,704774,NA,NA,36560,323149,NA,21995,9039,263488,NA
"627",2016-11-26,NA,NA,22600,1268370,NA,NA,48487,685335,NA,51538,13405,826530,NA
"628",2016-12-03,NA,NA,15772,986229,NA,NA,55256,383730,NA,38211,12745,478975,NA
"629",2016-12-10,NA,NA,17821,1019899,NA,NA,60644,419656,NA,39620,14268,501526,NA
"630",2016-12-17,NA,NA,18979,1107140,NA,NA,79576,485889,NA,43454,13679,572744,NA
"631",2016-12-24,NA,NA,21448,1210712,NA,NA,109171,587560,NA,45653,13177,624310,NA
"632",2016-12-31,NA,NA,15152,560161,NA,NA,68393,210549,NA,19903,6312,223452,NA
"633",2017-01-07,NA,NA,11090,364699,NA,NA,66722,164752,NA,7041,1908,97219,NA
"634",2017-01-14,NA,NA,6677,274898,NA,NA,39469,84336,NA,4105,1074,80645,NA
"635",2017-01-21,NA,NA,6603,254673,NA,NA,31895,76123,NA,3393,1077,79124,NA
"636",2017-01-28,NA,NA,6582,271143,NA,NA,26202,73129,NA,3187,1135,92177,NA
"637",2017-02-04,NA,NA,5452,299417,NA,NA,25175,76372,NA,3154,975,98829,NA
"638",2017-02-11,NA,NA,5501,299274,NA,NA,24454,86404,NA,2849,987,102674,NA
"639",2017-02-18,NA,NA,5555,337203,NA,NA,22869,114114,NA,2643,979,109570,NA
"640",2017-02-25,NA,NA,5465,341171,NA,NA,22491,71649,NA,2712,815,86727,NA
"641",2017-03-04,NA,1400822,5457,275776,NA,NA,22567,75259,NA,2790,863,88240,NA
"642",2017-03-11,NA,229497,5396,286626,NA,NA,20942,71518,NA,2473,801,96189,NA
"643",2017-03-18,NA,214874,6768,315040,NA,NA,20775,95110,NA,2382,815,89428,NA
"644",2017-03-25,NA,275888,7434,315078,NA,NA,17206,97456,NA,2360,824,92641,NA
"645",2017-04-01,NA,213557,6258,304628,NA,NA,15902,89112,NA,2373,801,89003,NA
"646",2017-04-08,NA,168717,5184,263830,NA,NA,13428,79943,NA,2101,773,68774,NA
"647",2017-04-15,NA,163227,4576,254191,NA,NA,12491,80650,NA,1980,698,68325,NA
"648",2017-04-22,NA,157474,4371,237610,NA,NA,10157,76233,NA,2041,639,64484,NA
"649",2017-04-29,NA,260625,4400,230792,NA,NA,11668,76036,NA,2091,603,60619,NA
"650",2017-05-06,NA,142147,4296,275594,NA,NA,12631,77939,NA,2164,593,65292,NA
"651",2017-05-13,NA,115042,4208,279503,NA,NA,7577,67831,NA,1875,602,66258,NA
"652",2017-05-20,NA,116751,6258,282433,NA,NA,8452,66585,NA,1833,599,61351,NA
"653",2017-05-27,NA,119909,4077,291336,NA,NA,8659,65606,NA,1828,582,64166,NA
"654",2017-06-03,NA,115641,4329,298894,NA,NA,7836,65793,NA,1788,561,70002,NA
"655",2017-06-10,NA,118575,4057,285402,NA,NA,7454,70509,NA,1845,547,79214,NA
"656",2017-06-17,NA,170869,3892,306880,NA,NA,7310,72944,NA,1736,544,75372,NA
"657",2017-06-24,NA,127127,3707,322279,NA,NA,6911,73507,NA,1615,526,77562,NA
"658",2017-07-01,NA,90409,3634,292572,NA,NA,7160,65318,NA,1766,543,61071,NA
"659",2017-07-08,NA,117283,2570,263605,NA,NA,7111,72675,NA,1663,452,58802,NA
"660",2017-07-15,NA,123716,2480,269878,NA,NA,7051,114846,NA,1598,420,61023,NA
"661",2017-07-22,NA,247460,2469,249129,NA,NA,6911,91085,NA,1557,417,61251,NA
"662",2017-07-29,NA,176896,2353,360394,NA,NA,7151,197883,NA,1497,397,62329,NA
"663",2017-08-05,NA,150457,2241,265635,NA,NA,7014,116800,NA,1510,404,68458,NA
"664",2017-08-12,NA,182211,2288,262025,NA,NA,7117,103198,NA,1567,386,68935,NA
"665",2017-08-19,NA,124422,2829,253943,NA,NA,7402,90922,NA,1547,389,62577,NA
"666",2017-08-26,NA,173415,2127,261345,NA,NA,6596,82443,NA,1521,378,70469,NA
"667",2017-09-02,NA,157795,2046,264197,NA,NA,6429,82974,NA,1480,336,71976,NA
"668",2017-09-09,NA,158306,1996,300011,NA,NA,6510,79472,NA,1396,337,99250,NA
"669",2017-09-16,NA,159470,1830,267489,NA,NA,5986,83161,NA,1345,327,83120,NA
"670",2017-09-23,NA,159278,1869,266216,NA,NA,5936,83071,NA,1325,308,81722,NA
"671",2017-09-30,NA,202859,1773,296690,NA,NA,6060,99254,NA,1287,294,97086,NA
"672",2017-10-07,NA,159387,1539,277471,NA,NA,5992,104311,NA,1223,283,91879,NA
"673",2017-10-14,NA,168154,1522,279985,NA,NA,5988,106148,NA,1217,294,94689,NA
"674",2017-10-21,NA,164314,1449,321278,NA,NA,6037,106593,NA,1200,290,99010,NA
"675",2017-10-28,NA,309200,1483,312137,NA,NA,6492,114887,NA,1181,282,105442,NA
"676",2017-11-04,NA,230255,1521,482196,NA,NA,6761,124628,NA,1168,261,144415,NA
"677",2017-11-11,NA,273438,1460,641725,NA,NA,6568,136837,NA,1152,226,660003,NA
"678",2017-11-18,NA,344547,1522,758013,NA,NA,7403,210228,NA,1238,208,350974,NA
"679",2017-11-25,NA,856754,1684,1624712,NA,NA,9580,428971,NA,1390,265,1009656,NA
"680",2017-12-02,NA,669083,1552,804423,NA,NA,10289,309625,NA,1294,241,454094,NA
"681",2017-12-09,NA,816232,1621,863299,NA,NA,13388,354842,NA,1281,258,470135,NA
"682",2017-12-16,NA,994616,1670,858206,NA,NA,15169,411167,NA,1359,287,497724,NA
"683",2017-12-23,NA,1165525,1731,875421,NA,NA,18857,450590,NA,1289,281,510543,NA
"684",2017-12-30,NA,637044,1575,513163,NA,NA,13712,211465,NA,560,209,233464,NA
"685",2018-01-06,NA,355902,NA,378648,NA,NA,10577,107850,NA,NA,NA,91644,NA
"686",2018-01-13,NA,207361,NA,274094,NA,NA,5659,68481,NA,NA,NA,82761,NA
"687",2018-01-20,NA,193803,NA,276256,NA,NA,4966,62215,NA,NA,NA,77799,NA
"688",2018-01-27,NA,203441,NA,396821,NA,NA,4198,73941,NA,NA,NA,90615,NA
"689",2018-02-03,NA,201932,NA,352477,NA,NA,3382,74118,NA,NA,NA,89268,NA
"690",2018-02-10,NA,202318,NA,344520,NA,NA,3575,75747,NA,NA,NA,101939,NA
"691",2018-02-17,NA,204686,NA,320760,NA,NA,4436,72088,NA,NA,NA,107051,NA
"692",2018-02-24,NA,197530,NA,304507,NA,NA,4084,66557,NA,NA,NA,127792,NA
"693",2018-03-03,NA,191179,NA,278184,NA,NA,5385,64932,NA,NA,NA,127891,NA
"694",2018-03-10,NA,186598,NA,274244,NA,NA,4813,54685,NA,NA,NA,96453,NA
"695",2018-03-17,NA,197852,NA,266599,NA,NA,2871,54229,NA,NA,NA,93949,NA
"696",2018-03-24,NA,205107,NA,263051,NA,NA,2747,59513,NA,NA,NA,99329,NA
"697",2018-03-31,NA,193094,NA,258800,NA,NA,2851,56758,NA,NA,NA,94292,NA
"698",2018-04-07,NA,168276,NA,233210,NA,NA,1859,48153,NA,NA,NA,74228,NA
"699",2018-04-14,NA,154064,NA,232953,NA,NA,2521,44929,NA,NA,NA,64949,NA
"700",2018-04-21,NA,155969,NA,309126,NA,NA,2374,41231,NA,NA,NA,65227,NA
"701",2018-04-28,NA,157397,NA,282363,NA,NA,2961,39756,NA,NA,NA,63481,NA
"702",2018-05-05,NA,185258,NA,251751,NA,NA,3966,43703,NA,NA,NA,61508,NA
"703",2018-05-12,NA,151692,NA,222366,NA,NA,1831,37841,NA,NA,NA,63834,NA
"704",2018-05-19,NA,159022,NA,215492,NA,NA,1786,36464,NA,NA,NA,67993,NA
"705",2018-05-26,NA,157450,NA,220464,NA,NA,2169,36938,NA,NA,NA,70066,NA
"706",2018-06-02,NA,163712,NA,214032,NA,NA,1943,38525,NA,NA,NA,68715,NA
"707",2018-06-09,NA,184656,NA,243931,NA,NA,2355,41961,NA,NA,NA,79206,NA
"708",2018-06-16,NA,211268,NA,243545,NA,NA,1435,43534,NA,NA,NA,91436,NA
"709",2018-06-23,NA,219684,NA,241291,NA,NA,1594,42415,NA,NA,NA,91604,NA
"710",2018-06-30,NA,210891,NA,228404,NA,NA,1604,38384,NA,NA,NA,87255,NA
"711",2018-07-07,NA,192865,NA,211331,NA,NA,1558,43362,NA,NA,NA,75549,NA
"712",2018-07-14,NA,211124,NA,203023,NA,NA,2337,45118,NA,NA,NA,66443,NA
"713",2018-07-21,NA,210790,NA,205625,NA,NA,2411,49970,NA,NA,NA,74529,NA
"714",2018-07-28,NA,194698,NA,212773,NA,NA,1529,49870,NA,NA,NA,72183,NA
"715",2018-08-04,NA,199434,NA,202103,NA,NA,1490,52962,NA,NA,NA,71597,NA
"716",2018-08-11,NA,191129,NA,206497,NA,NA,1621,48269,NA,NA,NA,73585,NA
"717",2018-08-18,NA,195014,NA,219866,NA,NA,1308,48232,NA,NA,NA,77163,NA
"718",2018-08-25,NA,184594,NA,230943,NA,NA,1765,45728,NA,NA,NA,81934,NA
"719",2018-09-01,NA,182597,NA,231191,NA,NA,1682,44038,NA,NA,NA,88980,NA
"720",2018-09-08,NA,185728,NA,325289,NA,NA,1579,40427,NA,NA,NA,83643,NA
"721",2018-09-15,NA,180977,NA,318796,NA,NA,2204,41015,NA,NA,NA,83509,NA
"722",2018-09-22,NA,187521,NA,306093,NA,NA,1925,40763,NA,NA,NA,78080,NA
"723",2018-09-29,NA,198744,NA,317668,NA,NA,1893,43271,NA,NA,NA,81697,NA
"724",2018-10-06,NA,216818,NA,296691,NA,NA,1877,45182,NA,NA,NA,83666,NA
"725",2018-10-13,NA,208357,NA,319568,NA,NA,1718,44932,NA,NA,NA,104835,NA
"726",2018-10-20,NA,215117,NA,322623,NA,NA,1600,46515,NA,NA,NA,99679,NA
"727",2018-10-27,NA,209671,NA,347948,NA,NA,1317,47769,NA,NA,NA,115417,NA
"728",2018-11-03,NA,231718,NA,376820,NA,NA,2132,54827,NA,NA,NA,121802,NA
"729",2018-11-10,NA,261903,NA,466180,NA,NA,2076,62114,NA,NA,NA,167416,NA
"730",2018-11-17,NA,628055,NA,569999,NA,NA,2106,87298,NA,NA,NA,221163,NA
"731",2018-11-24,NA,1379280,NA,1574646,NA,NA,2051,249227,NA,NA,NA,1040948,NA
"732",2018-12-01,NA,770844,NA,870756,NA,NA,2125,188859,NA,NA,NA,491672,NA
"733",2018-12-08,NA,1194167,NA,739284,NA,NA,2110,195190,NA,NA,NA,403792,NA
"734",2018-12-15,NA,1302351,NA,769717,NA,NA,2170,209983,NA,NA,NA,434463,NA
"735",2018-12-22,NA,1433755,NA,786382,NA,NA,3324,229084,NA,NA,NA,478029,NA
"736",2018-12-29,NA,778701,NA,486566,NA,NA,2257,111300,NA,NA,NA,239584,NA
"737",2019-01-05,NA,422991,NA,373566,NA,NA,1375,69972,NA,NA,NA,102258,NA
"738",2019-01-12,NA,261313,NA,226011,NA,NA,908,43528,NA,NA,NA,65032,NA
"739",2019-01-19,NA,239630,NA,218833,NA,NA,973,38371,NA,NA,NA,63156,NA
"740",2019-01-26,NA,223917,NA,257901,NA,NA,909,35824,NA,NA,NA,65728,NA
"741",2019-02-02,NA,243086,NA,246882,NA,NA,805,36509,NA,NA,NA,64598,NA
"742",2019-02-09,NA,246901,NA,247245,NA,NA,887,35454,NA,NA,NA,74384,NA
"743",2019-02-16,NA,245603,NA,247681,NA,NA,937,34866,NA,NA,NA,78505,NA
"744",2019-02-23,NA,236788,NA,240614,NA,NA,789,33181,NA,NA,NA,82229,NA
"745",2019-03-02,NA,256993,NA,248410,NA,NA,607,35800,NA,NA,NA,81571,NA
"746",2019-03-09,NA,243351,NA,223481,NA,NA,425,33263,NA,NA,NA,75980,NA
"747",2019-03-16,NA,222088,NA,224753,NA,NA,417,33479,NA,NA,NA,70548,NA
"748",2019-03-23,NA,219395,NA,222931,NA,NA,331,35960,NA,NA,NA,67552,NA
"749",2019-03-30,NA,224764,NA,206157,NA,NA,323,32575,NA,NA,NA,61511,NA
"750",2019-04-06,NA,197196,NA,195310,NA,NA,298,30222,NA,NA,NA,57636,NA
"751",2019-04-13,NA,210035,NA,197459,NA,NA,229,28322,NA,NA,NA,52111,NA
"752",2019-04-20,NA,185560,NA,205829,NA,NA,217,26608,NA,NA,NA,50262,NA
"753",2019-04-27,NA,192442,NA,201193,NA,NA,282,26484,NA,NA,NA,50614,NA
"754",2019-05-04,NA,192284,NA,203665,NA,NA,231,30256,NA,NA,NA,49198,NA
"755",2019-05-11,NA,186628,NA,195541,NA,NA,287,26316,NA,NA,NA,46217,NA
"756",2019-05-18,NA,166937,NA,187719,NA,NA,128,23094,NA,NA,NA,46564,NA
"757",2019-05-25,NA,174689,NA,191711,NA,NA,191,22245,NA,NA,NA,46217,NA
"758",2019-06-01,NA,180828,NA,192501,NA,NA,134,21022,NA,NA,NA,52073,NA
"759",2019-06-08,NA,191428,NA,225161,NA,NA,132,21929,NA,NA,NA,61543,NA
"760",2019-06-15,NA,209397,NA,218211,NA,NA,123,21400,NA,NA,NA,66423,NA
"761",2019-06-22,NA,209000,NA,204190,NA,NA,114,20938,NA,NA,NA,67650,NA
"762",2019-06-29,NA,290267,NA,210317,NA,NA,122,20690,NA,NA,NA,62652,NA
"763",2019-07-06,NA,245075,NA,190002,NA,NA,112,21166,NA,NA,NA,50881,NA
"764",2019-07-13,NA,226783,NA,174560,NA,NA,105,19501,NA,NA,NA,49669,NA
"765",2019-07-20,NA,211210,NA,181583,NA,NA,95,19773,NA,NA,NA,49880,NA
"766",2019-07-27,NA,201103,NA,176732,NA,NA,93,14291,NA,NA,NA,48774,NA
"767",2019-08-03,NA,193667,NA,167269,NA,NA,96,18657,NA,NA,NA,46599,NA
"768",2019-08-10,NA,180518,NA,173161,NA,NA,81,18067,NA,NA,NA,36863,NA
"769",2019-08-17,NA,186164,NA,172393,NA,NA,93,19834,NA,NA,NA,37126,NA
"770",2019-08-24,NA,176652,NA,167345,NA,NA,53,15718,NA,NA,NA,38840,NA
"771",2019-08-31,NA,238915,NA,175763,NA,NA,38,14929,NA,NA,NA,41905,NA
"772",2019-09-07,NA,253320,NA,229833,NA,NA,22,13669,NA,NA,NA,57893,NA
"773",2019-09-14,NA,249325,NA,225243,NA,NA,30,12895,NA,NA,NA,78989,NA
"774",2019-09-21,NA,600282,NA,213981,NA,NA,16,13300,NA,NA,NA,61410,NA
"775",2019-09-28,NA,472720,NA,228985,NA,NA,25,14311,NA,NA,NA,60934,NA
"776",2019-10-05,NA,326090,NA,211635,NA,NA,19,14579,NA,NA,NA,54730,NA
"777",2019-10-12,NA,285064,NA,210915,NA,NA,14,14315,NA,NA,NA,60416,NA
"778",2019-10-19,NA,299832,NA,218898,NA,NA,19,14914,NA,NA,NA,59389,NA
"779",2019-10-26,NA,301671,NA,236544,NA,NA,16,16303,NA,NA,NA,68411,NA
"780",2019-11-02,NA,366383,NA,264479,NA,NA,15,18943,NA,NA,NA,71256,NA
"781",2019-11-09,NA,399646,NA,317977,NA,NA,10,20589,NA,NA,NA,81080,NA
"782",2019-11-16,NA,590632,NA,357110,NA,NA,19,24225,NA,NA,NA,98084,NA
"783",2019-11-23,NA,616220,NA,453072,NA,NA,11,44015,NA,NA,NA,124115,NA
"784",2019-11-30,NA,1853859,NA,1324523,NA,NA,14,79373,NA,NA,NA,957706,NA
"785",2019-12-07,NA,1183723,NA,577699,NA,NA,31,79926,NA,NA,NA,377564,NA
"786",2019-12-14,NA,1357224,NA,503298,NA,NA,37,80273,NA,NA,NA,374719,NA
"787",2019-12-21,NA,1533176,NA,709411,NA,NA,26,83038,NA,NA,NA,388652,NA
"788",2019-12-28,NA,909543,NA,410810,NA,NA,38,31216,NA,NA,NA,219600,NA
"789",2020-01-04,NA,454030,NA,225734,NA,NA,NA,21498,NA,NA,NA,77700,NA
"790",2020-01-11,NA,316898,NA,175863,NA,NA,NA,17385,NA,NA,NA,48438,NA
"791",2020-01-18,NA,277562,NA,141296,NA,NA,NA,13348,NA,NA,NA,48683,NA
"792",2020-01-25,NA,248118,NA,139224,NA,NA,NA,11750,NA,NA,NA,46628,NA
"793",2020-02-01,NA,253318,NA,129855,NA,NA,NA,11365,NA,NA,NA,47901,NA
"794",2020-02-08,NA,291948,NA,148577,NA,NA,NA,12435,NA,NA,NA,54939,NA
"795",2020-02-15,NA,268712,NA,153789,NA,NA,NA,12417,NA,NA,NA,54961,NA
"796",2020-02-22,NA,230716,NA,141666,NA,NA,NA,13047,NA,NA,NA,55925,NA
"797",2020-02-29,NA,250221,NA,156608,NA,NA,NA,13139,NA,NA,NA,61579,NA
"798",2020-03-07,NA,282734,NA,191496,NA,NA,NA,13426,NA,NA,NA,101060,NA
"799",2020-03-14,NA,351391,NA,219311,NA,NA,NA,14127,NA,NA,NA,114937,NA
"800",2020-03-21,NA,976393,NA,233231,NA,NA,NA,12377,NA,NA,NA,111409,NA
"801",2020-03-28,NA,763344,NA,232950,NA,NA,NA,12175,NA,NA,NA,105597,NA
"802",2020-04-04,NA,584597,NA,224609,NA,NA,NA,12561,NA,NA,NA,107515,NA
"803",2020-04-11,NA,560432,NA,372388,NA,NA,NA,12742,NA,NA,NA,137591,NA
"804",2020-04-18,NA,484326,NA,283329,NA,NA,NA,12920,NA,NA,NA,137781,NA
"805",2020-04-25,NA,533735,NA,270380,NA,NA,NA,13111,NA,NA,NA,123160,NA
"806",2020-05-02,NA,449662,NA,224297,NA,NA,NA,13121,NA,NA,NA,99102,NA
"807",2020-05-09,NA,405208,NA,192440,NA,NA,NA,11373,NA,NA,NA,85768,NA
"808",2020-05-16,NA,385660,NA,174075,NA,NA,NA,9601,NA,NA,NA,80652,NA
"809",2020-05-23,NA,383758,NA,157895,NA,NA,NA,10245,NA,NA,NA,76600,NA
"810",2020-05-30,NA,428191,NA,158822,NA,NA,NA,9114,NA,NA,NA,71090,NA
"811",2020-06-06,NA,382714,NA,178425,NA,NA,NA,9079,NA,NA,NA,59819,NA
"812",2020-06-13,NA,366514,NA,177736,NA,NA,NA,9256,NA,NA,NA,59652,NA
"813",2020-06-20,NA,375268,NA,207302,NA,NA,NA,8999,NA,NA,NA,56396,NA
"814",2020-06-27,NA,399987,NA,182692,NA,NA,NA,8474,NA,NA,NA,57450,NA
"815",2020-07-04,NA,357202,NA,154698,NA,NA,NA,8216,NA,NA,NA,49721,NA
"816",2020-07-11,NA,365123,NA,134229,NA,NA,NA,8151,NA,NA,NA,41628,NA
"817",2020-07-18,NA,409564,NA,133133,NA,NA,NA,7806,NA,NA,NA,39587,NA
"818",2020-07-25,NA,429963,NA,122889,NA,NA,NA,7755,NA,NA,NA,36738,NA
"819",2020-08-01,NA,348788,NA,119788,NA,NA,NA,7085,NA,NA,NA,35871,NA
"820",2020-08-08,NA,458779,NA,131155,NA,NA,NA,5747,NA,NA,NA,36604,NA
"821",2020-08-15,NA,439993,NA,130464,NA,NA,NA,6148,NA,NA,NA,31232,NA
"822",2020-08-22,NA,380416,NA,129811,NA,NA,NA,6066,NA,NA,NA,31692,NA
"823",2020-08-29,NA,394899,NA,130233,NA,NA,NA,5812,NA,NA,NA,31252,NA
"824",2020-09-05,NA,378301,NA,116412,NA,NA,NA,5403,NA,NA,NA,32557,NA
"825",2020-09-12,NA,409392,NA,115871,NA,NA,NA,4989,NA,NA,NA,39110,NA
"826",2020-09-19,NA,509730,NA,115030,NA,NA,NA,15416,NA,NA,NA,37141,NA
"827",2020-09-26,NA,426477,NA,118950,NA,NA,NA,10459,NA,NA,NA,38181,NA
"828",2020-10-03,NA,432134,NA,118837,NA,NA,NA,5906,NA,NA,NA,36794,NA
"829",2020-10-10,NA,531006,NA,88249,NA,NA,NA,4720,NA,NA,NA,35543,NA
"830",2020-10-17,NA,520049,NA,88262,NA,NA,NA,4408,NA,NA,NA,34595,NA
"831",2020-10-24,NA,501187,NA,87861,NA,NA,NA,4386,NA,NA,NA,35449,NA
"832",2020-10-31,NA,525682,NA,92702,0,NA,NA,5070,NA,NA,NA,36116,0
"833",2020-11-07,NA,622938,NA,105822,0,NA,NA,3944,NA,NA,NA,41536,0
"834",2020-11-14,NA,644876,NA,113301,1464910,NA,NA,3798,NA,NA,NA,49188,1285686
"835",2020-11-21,NA,778541,NA,116614,1001418,NA,NA,5811,NA,NA,NA,54261,210872
"836",2020-11-28,NA,1683741,NA,158096,283496,NA,NA,6582,NA,NA,NA,101837,206274
"837",2020-12-05,NA,1319788,NA,136404,316974,NA,NA,6259,NA,NA,NA,90509,256890
"838",2020-12-12,NA,1411099,NA,136370,334048,NA,NA,6545,NA,NA,NA,89366,285213
"839",2020-12-19,NA,1497436,NA,156365,345661,NA,NA,6841,NA,NA,NA,104792,317418
"840",2020-12-26,NA,1244994,NA,130859,308021,NA,NA,4961,NA,NA,NA,72295,293158
"841",2021-01-02,NA,741341,NA,101498,210501,NA,NA,3221,NA,NA,NA,35314,204957
"842",2021-01-09,NA,451108,NA,97973,153195,NA,NA,1167,NA,NA,NA,2576,91058
"843",2021-01-16,NA,417858,NA,88480,139076,NA,NA,1001,NA,NA,NA,2422,74075
"844",2021-01-23,NA,340228,NA,85242,184184,NA,NA,955,NA,NA,NA,2286,78160
"845",2021-01-30,NA,335737,NA,83405,176638,NA,NA,1058,NA,NA,NA,2221,82020
"846",2021-02-06,NA,348452,NA,83003,196255,NA,NA,1296,NA,NA,NA,2216,77317
"847",2021-02-13,NA,476791,NA,81875,221883,NA,NA,1218,NA,NA,NA,2231,82195
"848",2021-02-20,NA,408553,NA,80213,233868,NA,NA,1228,NA,NA,NA,2160,77914
"849",2021-02-27,NA,389905,NA,78868,233872,NA,NA,991,NA,NA,NA,2061,85319
"850",2021-03-06,NA,408617,NA,78220,251433,NA,NA,1115,NA,NA,NA,2002,120147
"851",2021-03-13,NA,406124,NA,76186,267301,NA,NA,1217,NA,NA,NA,2084,122089
"852",2021-03-20,NA,460678,NA,72640,301511,NA,NA,1050,NA,NA,NA,2021,146384
"853",2021-03-27,NA,759254,NA,65375,321373,NA,NA,1262,NA,NA,NA,1977,140809
"854",2021-04-03,NA,504554,NA,62379,248169,NA,NA,1050,NA,NA,NA,1902,114534
"855",2021-04-10,NA,387651,NA,61996,183604,NA,NA,911,NA,NA,NA,2004,89348
"856",2021-04-17,NA,382023,NA,58256,179633,NA,NA,740,NA,NA,NA,1904,89451
"857",2021-04-24,NA,380480,NA,51742,183700,NA,NA,806,NA,NA,NA,1871,87450
"858",2021-05-01,NA,450075,NA,52384,194393,NA,NA,744,NA,NA,NA,1929,93422
"859",2021-05-08,NA,350870,NA,52620,163794,NA,NA,705,NA,NA,NA,1982,90840
"860",2021-05-15,NA,380298,NA,51134,217197,NA,NA,680,NA,NA,NA,1849,92940
"861",2021-05-22,NA,365230,NA,49010,174453,NA,NA,546,NA,NA,NA,1959,97342
"862",2021-05-29,NA,325585,NA,47613,223613,NA,NA,602,NA,NA,NA,1904,104018
"863",2021-06-05,NA,346990,NA,44207,190629,NA,NA,508,NA,NA,NA,1897,115664
"864",2021-06-12,NA,328865,NA,43230,183663,NA,NA,543,NA,NA,NA,1867,146145
"865",2021-06-19,NA,328606,NA,39597,193116,NA,NA,611,NA,NA,NA,1880,170546
"866",2021-06-26,NA,334848,NA,39918,221942,NA,NA,642,NA,NA,NA,1875,158655
"867",2021-07-03,NA,347340,NA,37222,206505,NA,NA,813,NA,NA,NA,1823,143022
"868",2021-07-10,NA,326329,NA,33162,212907,NA,NA,603,NA,NA,NA,1818,118812
"869",2021-07-17,NA,314362,NA,31240,204105,NA,NA,547,NA,NA,NA,1772,115720
"870",2021-07-24,NA,290834,NA,32986,213826,NA,NA,457,NA,NA,NA,1882,121350
"871",2021-07-31,NA,278653,NA,32853,236061,NA,NA,341,NA,NA,NA,1739,120118
"872",2021-08-07,NA,288514,NA,30222,217170,NA,NA,302,NA,NA,NA,1872,120673
"873",2021-08-14,NA,306933,NA,28894,221500,NA,NA,512,NA,NA,NA,1804,117649
"874",2021-08-21,NA,289523,NA,28373,241717,NA,NA,492,NA,NA,NA,1863,122511
"875",2021-08-28,NA,282818,NA,29325,245183,NA,NA,473,NA,NA,NA,1762,124666
"876",2021-09-04,NA,280585,NA,30969,248654,NA,NA,703,NA,NA,NA,1697,122565
"877",2021-09-11,NA,288004,NA,32082,251980,NA,NA,708,NA,NA,NA,1779,134669
"878",2021-09-18,NA,267478,NA,28154,265257,NA,NA,612,NA,NA,NA,1697,137176
"879",2021-09-25,NA,257141,NA,28024,274492,NA,NA,531,NA,NA,NA,1805,137123
"880",2021-10-02,NA,247858,NA,28213,262772,NA,NA,403,NA,NA,NA,1784,142472
"881",2021-10-09,NA,859394,NA,29959,237060,NA,NA,362,NA,NA,NA,1780,135965
"882",2021-10-16,NA,404194,NA,29706,235932,NA,NA,346,NA,NA,NA,1776,140543
"883",2021-10-23,NA,482479,NA,29351,235919,NA,NA,403,NA,NA,NA,1690,143001
"884",2021-10-30,NA,448725,NA,29627,245321,NA,NA,330,NA,NA,NA,1717,155041
"885",2021-11-06,NA,519664,NA,28689,258000,NA,NA,362,NA,NA,NA,1790,200496
"886",2021-11-13,NA,554232,NA,30712,315268,NA,NA,327,NA,NA,NA,1642,209458
"887",2021-11-20,NA,717953,NA,27383,296156,NA,NA,311,NA,NA,NA,1704,247063
"888",2021-11-27,NA,1433157,NA,32259,346403,NA,NA,348,NA,NA,NA,1690,616051
"889",2021-12-04,NA,1073744,NA,29117,316332,NA,NA,309,NA,NA,NA,1666,356761
"890",2021-12-11,NA,1041964,NA,28745,350366,NA,NA,303,NA,NA,NA,1674,349664
"891",2021-12-18,NA,1062609,NA,30029,481390,NA,NA,286,NA,NA,NA,1704,429116
"892",2021-12-25,NA,1036024,NA,25051,534118,NA,NA,291,NA,NA,NA,1678,449733
"893",2022-01-01,NA,577918,NA,18804,327064,NA,NA,274,NA,NA,NA,1603,221586
"894",2022-01-08,NA,408175,NA,19333,208113,NA,NA,NA,NA,NA,NA,1296,153966
"895",2022-01-15,NA,296987,NA,17051,156892,NA,NA,NA,NA,NA,NA,1244,142241
"896",2022-01-22,NA,273068,NA,17086,160754,NA,NA,NA,NA,NA,NA,1206,141905
"897",2022-01-29,NA,322257,NA,17764,165940,NA,NA,NA,NA,NA,NA,1113,147438
"898",2022-02-05,NA,331196,NA,17410,93231,NA,NA,NA,NA,NA,NA,1085,135567
"899",2022-02-12,NA,417039,NA,17418,82414,NA,NA,NA,NA,NA,NA,1069,133596
"900",2022-02-19,NA,330096,NA,17372,103742,NA,NA,NA,NA,NA,NA,1059,132096
"901",2022-02-26,NA,302095,NA,16548,98080,NA,NA,NA,NA,NA,NA,999,132390
"902",2022-03-05,NA,337433,NA,16007,113416,NA,NA,NA,NA,NA,NA,1064,131725
"903",2022-03-12,NA,325102,NA,16618,107488,NA,NA,NA,NA,NA,NA,998,133589
"904",2022-03-19,NA,309710,NA,16019,140485,NA,NA,NA,NA,NA,NA,956,205888
"905",2022-03-26,NA,313476,NA,15342,170635,NA,NA,NA,NA,NA,NA,863,226131
"906",2022-04-02,NA,297126,NA,15102,188050,NA,NA,NA,NA,NA,NA,890,229218
"907",2022-04-09,NA,281439,NA,17291,126246,NA,NA,NA,NA,NA,NA,828,127406
"908",2022-04-16,NA,263806,NA,15718,154309,NA,NA,NA,NA,NA,NA,868,127343
"909",2022-04-23,NA,255721,NA,14110,198721,NA,NA,NA,NA,NA,NA,808,131061
"910",2022-04-30,NA,331787,NA,13242,203888,NA,NA,NA,NA,NA,NA,679,134696
"911",2022-05-07,NA,247808,NA,12833,132888,NA,NA,NA,NA,NA,NA,690,124697
"912",2022-05-14,NA,265780,NA,11483,109569,NA,NA,NA,NA,NA,NA,620,106197
"913",2022-05-21,NA,265898,NA,10975,124281,NA,NA,NA,NA,NA,NA,603,123037
"914",2022-05-28,NA,263920,NA,10365,173367,NA,NA,NA,NA,NA,NA,571,123962
"915",2022-06-04,NA,266334,NA,9300,190745,NA,NA,NA,NA,NA,NA,538,136586
"916",2022-06-11,NA,262536,NA,9211,177334,NA,NA,NA,NA,NA,NA,520,131725
"917",2022-06-18,NA,255139,NA,8873,144400,NA,NA,NA,NA,NA,NA,490,127630
"918",2022-06-25,NA,267839,NA,8707,199612,NA,NA,NA,NA,NA,NA,482,142032
"919",2022-07-02,NA,292929,NA,8943,225204,NA,NA,NA,NA,NA,NA,496,144812
"920",2022-07-09,NA,254886,NA,8483,187778,NA,NA,NA,NA,NA,NA,443,128307
"921",2022-07-16,NA,252983,NA,8508,212155,NA,NA,NA,NA,NA,NA,484,135909
"922",2022-07-23,NA,261422,NA,6189,236877,NA,NA,NA,NA,NA,NA,438,155154
"923",2022-07-30,NA,269166,NA,5536,253812,NA,NA,NA,NA,NA,NA,420,144495
"924",2022-08-06,NA,256439,NA,4877,243451,NA,NA,NA,NA,NA,NA,420,132513
"925",2022-08-13,NA,328620,NA,4597,231753,NA,NA,NA,NA,NA,NA,371,134346
"926",2022-08-20,NA,230934,NA,3963,226389,NA,NA,NA,NA,NA,NA,332,145842
"927",2022-08-27,NA,317329,NA,3459,246986,NA,NA,NA,NA,NA,NA,301,156784
"928",2022-09-03,NA,278339,NA,2994,243137,NA,NA,NA,NA,NA,NA,267,148008
"929",2022-09-10,NA,387650,NA,2631,230058,NA,NA,NA,NA,NA,NA,226,139034
"930",2022-09-17,NA,304827,NA,2412,239642,NA,NA,NA,NA,NA,NA,192,157148
"931",2022-09-24,NA,254663,NA,2240,253528,NA,NA,NA,NA,NA,NA,178,164094
"932",2022-10-01,NA,241907,NA,1966,252857,NA,NA,NA,NA,NA,NA,155,168616
"933",2022-10-08,NA,243842,NA,1836,243730,NA,NA,NA,NA,NA,NA,140,161234
"934",2022-10-15,NA,236229,NA,1675,259047,NA,NA,NA,NA,NA,NA,137,169903
"935",2022-10-22,NA,260727,NA,1471,259434,NA,NA,NA,NA,NA,NA,124,176670
"936",2022-10-29,NA,268309,NA,1354,322703,NA,NA,NA,NA,NA,NA,113,187380
"937",2022-11-05,NA,440706,NA,1676,293423,NA,NA,NA,NA,NA,NA,105,181323
"938",2022-11-12,NA,463418,NA,1487,500539,NA,NA,NA,NA,NA,NA,95,194013
"939",2022-11-19,NA,715597,NA,7600,436704,NA,NA,NA,NA,NA,NA,106,354373
"940",2022-11-26,NA,1321485,NA,4238,1053517,NA,NA,NA,NA,NA,NA,134,1064583
"941",2022-12-03,NA,928591,NA,5815,621791,NA,NA,NA,NA,NA,NA,117,533585
"942",2022-12-10,NA,891694,NA,4679,621141,NA,NA,NA,NA,NA,NA,100,383342
"943",2022-12-17,NA,912081,NA,8026,690842,NA,NA,NA,NA,NA,NA,109,469840
"944",2022-12-24,NA,920878,NA,6548,694030,NA,NA,NA,NA,NA,NA,123,500858
